year,area_code,area,gender,economically_active,working_age,percent,confidence
Jan 2005-Dec 2005,00AA,City of London,F,2400,3600,64.4,
Jan 2006-Dec 2006,00AA,City of London,F,,,,
Jan 2007-Dec 2007,00AA,City of London,F,,1400,,
Jan 2008-Dec 2008,00AA,City of London,F,1200,1200,100,
Jan 2009-Dec 2009,00AA,City of London,F,,,,
Jan 2010-Dec 2010,00AA,City of London,F,,2700,,
Jan 2011-Dec 2011,00AA,City of London,F,,,,
Jan 2012-Dec 2012,00AA,City of London,F,,,,
Jan 2013-Dec 2013,00AA,City of London,F,,,65.8,
Jan 2014-Dec 2014,00AA,City of London,F,,,,
Jan 2015-Dec 2015,00AA,City of London,F,,3700,,
Jan 2016-Dec 2016,00AA,City of London,F,2800,2800,100,
Jan 2017-Dec 2017,00AA,City of London,F,3500,6200,56.9,
Jan 2018-Dec 2018,00AA,City of London,F,2500,3200,77.6,
Jan 2019-Dec 2019,00AA,City of London,F,,,,
Jan 2005-Dec 2005,00AB,Barking and Dagenham,F,32200,54100,59.5,5.5
Jan 2006-Dec 2006,00AB,Barking and Dagenham,F,32700,53800,60.8,5.4
Jan 2007-Dec 2007,00AB,Barking and Dagenham,F,33600,54200,62,5.4
Jan 2008-Dec 2008,00AB,Barking and Dagenham,F,34400,55900,61.6,5.1
Jan 2009-Dec 2009,00AB,Barking and Dagenham,F,35300,56600,62.4,5.5
Jan 2010-Dec 2010,00AB,Barking and Dagenham,F,35600,59100,60.3,5.1
Jan 2011-Dec 2011,00AB,Barking and Dagenham,F,38200,61300,62.3,5.4
Jan 2012-Dec 2012,00AB,Barking and Dagenham,F,38400,61900,62,5.3
Jan 2013-Dec 2013,00AB,Barking and Dagenham,F,41400,61900,66.9,5.2
Jan 2014-Dec 2014,00AB,Barking and Dagenham,F,41200,63800,64.7,5.6
Jan 2015-Dec 2015,00AB,Barking and Dagenham,F,41800,64700,64.7,5.5
Jan 2016-Dec 2016,00AB,Barking and Dagenham,F,43700,66800,65.5,5.3
Jan 2017-Dec 2017,00AB,Barking and Dagenham,F,44000,65800,66.9,5.5
Jan 2018-Dec 2018,00AB,Barking and Dagenham,F,43700,69100,63.2,6
Jan 2019-Dec 2019,00AB,Barking and Dagenham,F,46200,69400,66.6,6.3
Jan 2005-Dec 2005,00AC,Barnet,F,74500,110200,67.7,5.9
Jan 2006-Dec 2006,00AC,Barnet,F,74700,112800,66.3,5.5
Jan 2007-Dec 2007,00AC,Barnet,F,75600,113400,66.7,5.1
Jan 2008-Dec 2008,00AC,Barnet,F,75300,114800,65.6,5
Jan 2009-Dec 2009,00AC,Barnet,F,73800,117500,62.8,5.9
Jan 2010-Dec 2010,00AC,Barnet,F,83100,119200,69.7,5.4
Jan 2011-Dec 2011,00AC,Barnet,F,78900,120000,65.7,5.6
Jan 2012-Dec 2012,00AC,Barnet,F,84400,122500,68.9,5.6
Jan 2013-Dec 2013,00AC,Barnet,F,86100,123000,70,5.7
Jan 2014-Dec 2014,00AC,Barnet,F,81400,123400,66,5.4
Jan 2015-Dec 2015,00AC,Barnet,F,84400,124700,67.7,5.5
Jan 2016-Dec 2016,00AC,Barnet,F,83500,129000,64.8,6
Jan 2017-Dec 2017,00AC,Barnet,F,92900,127700,72.7,5.5
Jan 2018-Dec 2018,00AC,Barnet,F,91400,127700,71.5,5.5
Jan 2019-Dec 2019,00AC,Barnet,F,96400,130000,74.2,5.9
Jan 2005-Dec 2005,00AD,Bexley,F,52800,72200,73.1,5.3
Jan 2006-Dec 2006,00AD,Bexley,F,52800,71600,73.8,5.1
Jan 2007-Dec 2007,00AD,Bexley,F,52200,72800,71.8,5.2
Jan 2008-Dec 2008,00AD,Bexley,F,53200,73800,72.2,5.4
Jan 2009-Dec 2009,00AD,Bexley,F,52400,75500,69.4,5.5
Jan 2010-Dec 2010,00AD,Bexley,F,53800,75300,71.5,5
Jan 2011-Dec 2011,00AD,Bexley,F,53900,74600,72.3,5.4
Jan 2012-Dec 2012,00AD,Bexley,F,55100,75700,72.8,5.5
Jan 2013-Dec 2013,00AD,Bexley,F,54800,74200,73.7,5.6
Jan 2014-Dec 2014,00AD,Bexley,F,56500,77000,73.4,5.7
Jan 2015-Dec 2015,00AD,Bexley,F,58600,78500,74.6,5.5
Jan 2016-Dec 2016,00AD,Bexley,F,61100,81500,75,5.4
Jan 2017-Dec 2017,00AD,Bexley,F,60300,81300,74.1,5.1
Jan 2018-Dec 2018,00AD,Bexley,F,59800,80900,73.9,5.4
Jan 2019-Dec 2019,00AD,Bexley,F,61100,80300,76.1,5.2
Jan 2005-Dec 2005,00AE,Brent,F,55200,91800,60.1,5.9
Jan 2006-Dec 2006,00AE,Brent,F,55000,91800,59.9,6
Jan 2007-Dec 2007,00AE,Brent,F,63500,95700,66.3,5.8
Jan 2008-Dec 2008,00AE,Brent,F,66300,98400,67.3,5.4
Jan 2009-Dec 2009,00AE,Brent,F,68900,102200,67.5,5.9
Jan 2010-Dec 2010,00AE,Brent,F,65300,106300,61.4,6.1
Jan 2011-Dec 2011,00AE,Brent,F,68400,109500,62.5,6
Jan 2012-Dec 2012,00AE,Brent,F,72000,105100,68.5,4.9
Jan 2013-Dec 2013,00AE,Brent,F,69300,105200,65.8,4.5
Jan 2014-Dec 2014,00AE,Brent,F,68200,103900,65.7,4.6
Jan 2015-Dec 2015,00AE,Brent,F,71000,106300,66.8,4.7
Jan 2016-Dec 2016,00AE,Brent,F,69900,107500,65,5.1
Jan 2017-Dec 2017,00AE,Brent,F,69900,107900,64.8,5.1
Jan 2018-Dec 2018,00AE,Brent,F,68900,106000,65,5.8
Jan 2019-Dec 2019,00AE,Brent,F,71800,106400,67.5,7
Jan 2005-Dec 2005,00AF,Bromley,F,75700,96900,78.1,4.8
Jan 2006-Dec 2006,00AF,Bromley,F,69300,98200,70.5,5.2
Jan 2007-Dec 2007,00AF,Bromley,F,74900,98900,75.7,4.8
Jan 2008-Dec 2008,00AF,Bromley,F,74900,100200,74.8,5
Jan 2009-Dec 2009,00AF,Bromley,F,70400,99600,70.6,6
Jan 2010-Dec 2010,00AF,Bromley,F,71400,100800,70.8,5.8
Jan 2011-Dec 2011,00AF,Bromley,F,76300,103900,73.4,5.2
Jan 2012-Dec 2012,00AF,Bromley,F,75300,102900,73.2,4.9
Jan 2013-Dec 2013,00AF,Bromley,F,79900,105900,75.5,4.6
Jan 2014-Dec 2014,00AF,Bromley,F,78600,105600,74.4,4.8
Jan 2015-Dec 2015,00AF,Bromley,F,76300,104100,73.2,4.9
Jan 2016-Dec 2016,00AF,Bromley,F,76800,104200,73.7,5.4
Jan 2017-Dec 2017,00AF,Bromley,F,78300,105600,74.2,5.4
Jan 2018-Dec 2018,00AF,Bromley,F,79800,106000,75.2,5.4
Jan 2019-Dec 2019,00AF,Bromley,F,80800,108900,74.2,5.4
Jan 2005-Dec 2005,00AG,Camden,F,47800,76800,62.2,6
Jan 2006-Dec 2006,00AG,Camden,F,48100,76400,63,5.3
Jan 2007-Dec 2007,00AG,Camden,F,50500,77500,65.2,4.5
Jan 2008-Dec 2008,00AG,Camden,F,48900,77100,63.5,4.7
Jan 2009-Dec 2009,00AG,Camden,F,51200,77800,65.8,5
Jan 2010-Dec 2010,00AG,Camden,F,52000,77900,66.8,5.7
Jan 2011-Dec 2011,00AG,Camden,F,45800,78700,58.1,6
Jan 2012-Dec 2012,00AG,Camden,F,47400,79400,59.7,5.6
Jan 2013-Dec 2013,00AG,Camden,F,49500,81000,61.1,5.7
Jan 2014-Dec 2014,00AG,Camden,F,53000,82800,64.1,5.3
Jan 2015-Dec 2015,00AG,Camden,F,58400,84300,69.2,5.8
Jan 2016-Dec 2016,00AG,Camden,F,58100,84600,68.6,5.7
Jan 2017-Dec 2017,00AG,Camden,F,56100,86600,64.8,5.9
Jan 2018-Dec 2018,00AG,Camden,F,60900,88800,68.5,6.1
Jan 2019-Dec 2019,00AG,Camden,F,62400,88900,70.1,6.2
Jan 2005-Dec 2005,00AH,Croydon,F,83600,112400,74.4,4.7
Jan 2006-Dec 2006,00AH,Croydon,F,81700,115700,70.6,4.8
Jan 2007-Dec 2007,00AH,Croydon,F,85000,118400,71.8,5
Jan 2008-Dec 2008,00AH,Croydon,F,86900,119300,72.9,5.6
Jan 2009-Dec 2009,00AH,Croydon,F,92700,122400,75.7,5.2
Jan 2010-Dec 2010,00AH,Croydon,F,85600,123500,69.3,5.6
Jan 2011-Dec 2011,00AH,Croydon,F,85100,123400,69,5.4
Jan 2012-Dec 2012,00AH,Croydon,F,92700,122100,75.9,5
Jan 2013-Dec 2013,00AH,Croydon,F,94800,123200,76.9,4.9
Jan 2014-Dec 2014,00AH,Croydon,F,88100,124700,70.7,5.6
Jan 2015-Dec 2015,00AH,Croydon,F,91600,127200,72,5.1
Jan 2016-Dec 2016,00AH,Croydon,F,93700,126200,74.2,4.9
Jan 2017-Dec 2017,00AH,Croydon,F,96600,127500,75.8,4.9
Jan 2018-Dec 2018,00AH,Croydon,F,99300,130300,76.2,5.2
Jan 2019-Dec 2019,00AH,Croydon,F,97000,130200,74.6,5.1
Jan 2005-Dec 2005,00AJ,Ealing,F,67800,106800,63.5,5
Jan 2006-Dec 2006,00AJ,Ealing,F,73100,108400,67.4,4.9
Jan 2007-Dec 2007,00AJ,Ealing,F,68900,108900,63.2,5.3
Jan 2008-Dec 2008,00AJ,Ealing,F,73300,114100,64.3,5.6
Jan 2009-Dec 2009,00AJ,Ealing,F,72900,113800,64,5.5
Jan 2010-Dec 2010,00AJ,Ealing,F,76200,112500,67.8,5.2
Jan 2011-Dec 2011,00AJ,Ealing,F,75600,111200,67.9,5.7
Jan 2012-Dec 2012,00AJ,Ealing,F,76700,114500,67,5.2
Jan 2013-Dec 2013,00AJ,Ealing,F,72000,113000,63.7,5.4
Jan 2014-Dec 2014,00AJ,Ealing,F,72200,113500,63.7,5.9
Jan 2015-Dec 2015,00AJ,Ealing,F,74800,110300,67.8,5.1
Jan 2016-Dec 2016,00AJ,Ealing,F,81400,111300,73.2,5.2
Jan 2017-Dec 2017,00AJ,Ealing,F,85700,116400,73.7,5.8
Jan 2018-Dec 2018,00AJ,Ealing,F,80400,111800,71.9,6.7
Jan 2019-Dec 2019,00AJ,Ealing,F,69600,107800,64.5,7.3
Jan 2005-Dec 2005,00AK,Enfield,F,58700,92200,63.6,5.8
Jan 2006-Dec 2006,00AK,Enfield,F,61100,94000,65,5.4
Jan 2007-Dec 2007,00AK,Enfield,F,57200,96900,59.1,5.6
Jan 2008-Dec 2008,00AK,Enfield,F,60900,98900,61.6,5.1
Jan 2009-Dec 2009,00AK,Enfield,F,58900,100800,58.4,4.9
Jan 2010-Dec 2010,00AK,Enfield,F,60600,101200,59.9,4.9
Jan 2011-Dec 2011,00AK,Enfield,F,69500,105300,66,5.1
Jan 2012-Dec 2012,00AK,Enfield,F,66600,105400,63.2,5.6
Jan 2013-Dec 2013,00AK,Enfield,F,68100,106000,64.2,5.5
Jan 2014-Dec 2014,00AK,Enfield,F,72300,107000,67.6,5.5
Jan 2015-Dec 2015,00AK,Enfield,F,74100,108300,68.5,5.3
Jan 2016-Dec 2016,00AK,Enfield,F,74700,108800,68.7,5.7
Jan 2017-Dec 2017,00AK,Enfield,F,79300,115100,68.9,5.7
Jan 2018-Dec 2018,00AK,Enfield,F,71800,110200,65.2,6.2
Jan 2019-Dec 2019,00AK,Enfield,F,74500,111900,66.6,6.5
Jan 2005-Dec 2005,00AL,Greenwich,F,50800,78300,64.8,5.1
Jan 2006-Dec 2006,00AL,Greenwich,F,54200,80200,67.6,5.4
Jan 2007-Dec 2007,00AL,Greenwich,F,52000,80200,64.9,5.2
Jan 2008-Dec 2008,00AL,Greenwich,F,49500,81100,61.1,5.8
Jan 2009-Dec 2009,00AL,Greenwich,F,48000,82200,58.4,5.5
Jan 2010-Dec 2010,00AL,Greenwich,F,55100,84700,65.1,5.1
Jan 2011-Dec 2011,00AL,Greenwich,F,57400,85300,67.3,5
Jan 2012-Dec 2012,00AL,Greenwich,F,61700,86800,71.1,5.1
Jan 2013-Dec 2013,00AL,Greenwich,F,57800,88300,65.5,5.7
Jan 2014-Dec 2014,00AL,Greenwich,F,59300,88300,67.2,6
Jan 2015-Dec 2015,00AL,Greenwich,F,67900,92300,73.6,5.3
Jan 2016-Dec 2016,00AL,Greenwich,F,66500,92100,72.2,5.8
Jan 2017-Dec 2017,00AL,Greenwich,F,66300,94100,70.5,5.4
Jan 2018-Dec 2018,00AL,Greenwich,F,68400,96900,70.5,5.8
Jan 2019-Dec 2019,00AL,Greenwich,F,73700,97100,75.9,5.3
Jan 2005-Dec 2005,00AM,Hackney,F,38500,75400,51,5.5
Jan 2006-Dec 2006,00AM,Hackney,F,43900,77000,57,5.2
Jan 2007-Dec 2007,00AM,Hackney,F,50900,80000,63.6,4.9
Jan 2008-Dec 2008,00AM,Hackney,F,55200,82100,67.2,4.9
Jan 2009-Dec 2009,00AM,Hackney,F,59900,85600,69.9,4.8
Jan 2010-Dec 2010,00AM,Hackney,F,62600,88900,70.4,5
Jan 2011-Dec 2011,00AM,Hackney,F,63300,90700,69.7,4.8
Jan 2012-Dec 2012,00AM,Hackney,F,59300,92600,64,5.1
Jan 2013-Dec 2013,00AM,Hackney,F,58200,94100,61.9,5.3
Jan 2014-Dec 2014,00AM,Hackney,F,67600,96300,70.2,4.9
Jan 2015-Dec 2015,00AM,Hackney,F,67500,97600,69.1,5.1
Jan 2016-Dec 2016,00AM,Hackney,F,72300,100300,72,5.1
Jan 2017-Dec 2017,00AM,Hackney,F,69100,102600,67.4,5.7
Jan 2018-Dec 2018,00AM,Hackney,F,67500,102000,66.2,5.7
Jan 2019-Dec 2019,00AM,Hackney,F,74900,104300,71.9,5.5
Jan 2005-Dec 2005,00AN,Hammersmith and Fulham,F,46100,64800,71.2,4.6
Jan 2006-Dec 2006,00AN,Hammersmith and Fulham,F,47200,66600,70.9,4.9
Jan 2007-Dec 2007,00AN,Hammersmith and Fulham,F,46300,66700,69.4,5.4
Jan 2008-Dec 2008,00AN,Hammersmith and Fulham,F,46600,66400,70.2,5.3
Jan 2009-Dec 2009,00AN,Hammersmith and Fulham,F,47000,67900,69.3,5.4
Jan 2010-Dec 2010,00AN,Hammersmith and Fulham,F,43500,68700,63.3,5.5
Jan 2011-Dec 2011,00AN,Hammersmith and Fulham,F,44800,69000,64.9,4.9
Jan 2012-Dec 2012,00AN,Hammersmith and Fulham,F,44500,67300,66.1,5
Jan 2013-Dec 2013,00AN,Hammersmith and Fulham,F,46300,67200,68.9,5
Jan 2014-Dec 2014,00AN,Hammersmith and Fulham,F,47600,65500,72.6,4.8
Jan 2015-Dec 2015,00AN,Hammersmith and Fulham,F,49600,64300,77.2,4.8
Jan 2016-Dec 2016,00AN,Hammersmith and Fulham,F,47700,66600,71.6,5.5
Jan 2017-Dec 2017,00AN,Hammersmith and Fulham,F,50000,66400,75.3,5.6
Jan 2018-Dec 2018,00AN,Hammersmith and Fulham,F,47700,62700,76.1,5.7
Jan 2019-Dec 2019,00AN,Hammersmith and Fulham,F,43200,62200,69.5,6.5
Jan 2005-Dec 2005,00AP,Haringey,F,50800,79800,63.7,4.8
Jan 2006-Dec 2006,00AP,Haringey,F,54500,82800,65.9,5.1
Jan 2007-Dec 2007,00AP,Haringey,F,53200,83200,64,5.3
Jan 2008-Dec 2008,00AP,Haringey,F,49700,86800,57.3,5.6
Jan 2009-Dec 2009,00AP,Haringey,F,53800,87700,61.3,5.5
Jan 2010-Dec 2010,00AP,Haringey,F,54200,88600,61.2,5.5
Jan 2011-Dec 2011,00AP,Haringey,F,64800,91800,70.5,5.4
Jan 2012-Dec 2012,00AP,Haringey,F,56000,90900,61.6,5.6
Jan 2013-Dec 2013,00AP,Haringey,F,63800,92000,69.3,4.9
Jan 2014-Dec 2014,00AP,Haringey,F,61700,92900,66.4,5.2
Jan 2015-Dec 2015,00AP,Haringey,F,64500,94400,68.3,5.1
Jan 2016-Dec 2016,00AP,Haringey,F,69600,97100,71.7,5
Jan 2017-Dec 2017,00AP,Haringey,F,66100,97400,67.9,4.9
Jan 2018-Dec 2018,00AP,Haringey,F,69300,97400,71.2,5.1
Jan 2019-Dec 2019,00AP,Haringey,F,72200,94800,76.1,5.4
Jan 2005-Dec 2005,00AQ,Harrow,F,50600,73600,68.8,5.7
Jan 2006-Dec 2006,00AQ,Harrow,F,53400,74400,71.7,5.5
Jan 2007-Dec 2007,00AQ,Harrow,F,52200,74600,69.9,5.2
Jan 2008-Dec 2008,00AQ,Harrow,F,46900,74100,63.4,5.2
Jan 2009-Dec 2009,00AQ,Harrow,F,55600,75900,73.3,5.4
Jan 2010-Dec 2010,00AQ,Harrow,F,55500,78400,70.7,5.5
Jan 2011-Dec 2011,00AQ,Harrow,F,53100,78600,67.6,5.1
Jan 2012-Dec 2012,00AQ,Harrow,F,56700,78500,72.2,4.9
Jan 2013-Dec 2013,00AQ,Harrow,F,51200,78600,65.2,5.1
Jan 2014-Dec 2014,00AQ,Harrow,F,50400,78400,64.3,5.2
Jan 2015-Dec 2015,00AQ,Harrow,F,52800,77800,67.9,5.4
Jan 2016-Dec 2016,00AQ,Harrow,F,54100,80100,67.5,5.9
Jan 2017-Dec 2017,00AQ,Harrow,F,59300,79500,74.6,5.5
Jan 2018-Dec 2018,00AQ,Harrow,F,54200,74200,73,5.5
Jan 2019-Dec 2019,00AQ,Harrow,F,48900,77100,63.3,7.3
Jan 2005-Dec 2005,00AR,Havering,F,51900,73900,70.3,5.5
Jan 2006-Dec 2006,00AR,Havering,F,52600,74300,70.8,5.3
Jan 2007-Dec 2007,00AR,Havering,F,52800,73500,71.9,5.2
Jan 2008-Dec 2008,00AR,Havering,F,55000,74900,73.4,4.9
Jan 2009-Dec 2009,00AR,Havering,F,53800,76900,69.9,5.3
Jan 2010-Dec 2010,00AR,Havering,F,51100,77200,66.1,5.7
Jan 2011-Dec 2011,00AR,Havering,F,59900,77700,77.1,5.5
Jan 2012-Dec 2012,00AR,Havering,F,53100,78100,67.9,6
Jan 2013-Dec 2013,00AR,Havering,F,54300,78100,69.5,5.9
Jan 2014-Dec 2014,00AR,Havering,F,58200,80800,72.1,5.4
Jan 2015-Dec 2015,00AR,Havering,F,60400,79700,75.8,5.1
Jan 2016-Dec 2016,00AR,Havering,F,62200,81300,76.5,5.2
Jan 2017-Dec 2017,00AR,Havering,F,61500,80500,76.4,5.2
Jan 2018-Dec 2018,00AR,Havering,F,64100,82200,78,5.1
Jan 2019-Dec 2019,00AR,Havering,F,63200,82800,76.3,5.4
Jan 2005-Dec 2005,00AS,Hillingdon,F,55800,83100,67.1,5.2
Jan 2006-Dec 2006,00AS,Hillingdon,F,59600,84100,70.9,5.3
Jan 2007-Dec 2007,00AS,Hillingdon,F,50700,85200,59.5,5.8
Jan 2008-Dec 2008,00AS,Hillingdon,F,57400,85900,66.8,5.1
Jan 2009-Dec 2009,00AS,Hillingdon,F,64800,86700,74.7,5.5
Jan 2010-Dec 2010,00AS,Hillingdon,F,60200,87400,68.8,5.7
Jan 2011-Dec 2011,00AS,Hillingdon,F,63300,92900,68.2,5.3
Jan 2012-Dec 2012,00AS,Hillingdon,F,65500,93700,69.9,5.5
Jan 2013-Dec 2013,00AS,Hillingdon,F,65400,95300,68.6,5.4
Jan 2014-Dec 2014,00AS,Hillingdon,F,66000,96200,68.6,5.2
Jan 2015-Dec 2015,00AS,Hillingdon,F,68300,98900,69,5.3
Jan 2016-Dec 2016,00AS,Hillingdon,F,70400,98500,71.4,5.8
Jan 2017-Dec 2017,00AS,Hillingdon,F,72000,100200,71.8,5.6
Jan 2018-Dec 2018,00AS,Hillingdon,F,71400,99300,71.9,5.4
Jan 2019-Dec 2019,00AS,Hillingdon,F,66900,99200,67.4,6.9
Jan 2005-Dec 2005,00AT,Hounslow,F,53900,75800,71.2,5.1
Jan 2006-Dec 2006,00AT,Hounslow,F,55600,79100,70.3,5
Jan 2007-Dec 2007,00AT,Hounslow,F,52600,81300,64.7,5.4
Jan 2008-Dec 2008,00AT,Hounslow,F,51400,81500,63.1,5.5
Jan 2009-Dec 2009,00AT,Hounslow,F,61200,83500,73.2,5.3
Jan 2010-Dec 2010,00AT,Hounslow,F,59700,84600,70.6,5.3
Jan 2011-Dec 2011,00AT,Hounslow,F,62300,86000,72.5,4.8
Jan 2012-Dec 2012,00AT,Hounslow,F,60000,86100,69.7,5.3
Jan 2013-Dec 2013,00AT,Hounslow,F,62000,87200,71.2,5.1
Jan 2014-Dec 2014,00AT,Hounslow,F,61400,88800,69.1,5.6
Jan 2015-Dec 2015,00AT,Hounslow,F,58700,87900,66.8,5.5
Jan 2016-Dec 2016,00AT,Hounslow,F,59900,90300,66.4,6.4
Jan 2017-Dec 2017,00AT,Hounslow,F,65200,89600,72.7,6.2
Jan 2018-Dec 2018,00AT,Hounslow,F,62800,88900,70.7,7.5
Jan 2019-Dec 2019,00AT,Hounslow,F,56200,88900,63.2,8
Jan 2005-Dec 2005,00AU,Islington,F,42600,67500,63.1,5.3
Jan 2006-Dec 2006,00AU,Islington,F,44000,68800,63.9,5.3
Jan 2007-Dec 2007,00AU,Islington,F,48900,70100,69.7,5
Jan 2008-Dec 2008,00AU,Islington,F,49100,71600,68.6,5
Jan 2009-Dec 2009,00AU,Islington,F,48800,74200,65.8,5.3
Jan 2010-Dec 2010,00AU,Islington,F,49000,73700,66.4,5.2
Jan 2011-Dec 2011,00AU,Islington,F,54600,78100,69.9,5.1
Jan 2012-Dec 2012,00AU,Islington,F,57600,80500,71.6,5.4
Jan 2013-Dec 2013,00AU,Islington,F,56200,80200,70,5.3
Jan 2014-Dec 2014,00AU,Islington,F,55500,81600,68,5.5
Jan 2015-Dec 2015,00AU,Islington,F,58800,83600,70.3,5.4
Jan 2016-Dec 2016,00AU,Islington,F,61200,85200,71.8,5.3
Jan 2017-Dec 2017,00AU,Islington,F,62700,86700,72.4,5.6
Jan 2018-Dec 2018,00AU,Islington,F,67300,85600,78.6,5.7
Jan 2019-Dec 2019,00AU,Islington,F,65400,85300,76.6,5.8
Jan 2005-Dec 2005,00AW,Kensington and Chelsea,F,36400,61700,58.9,5.3
Jan 2006-Dec 2006,00AW,Kensington and Chelsea,F,32000,59500,53.7,6
Jan 2007-Dec 2007,00AW,Kensington and Chelsea,F,35700,58700,60.9,5.7
Jan 2008-Dec 2008,00AW,Kensington and Chelsea,F,37700,59000,63.8,5.7
Jan 2009-Dec 2009,00AW,Kensington and Chelsea,F,35600,59900,59.4,5.8
Jan 2010-Dec 2010,00AW,Kensington and Chelsea,F,33300,58400,57.1,5.6
Jan 2011-Dec 2011,00AW,Kensington and Chelsea,F,30900,57500,53.7,5.3
Jan 2012-Dec 2012,00AW,Kensington and Chelsea,F,31800,55900,56.9,5
Jan 2013-Dec 2013,00AW,Kensington and Chelsea,F,32700,54600,59.9,5.1
Jan 2014-Dec 2014,00AW,Kensington and Chelsea,F,36300,54300,66.8,4.8
Jan 2015-Dec 2015,00AW,Kensington and Chelsea,F,34300,54400,63.1,5.2
Jan 2016-Dec 2016,00AW,Kensington and Chelsea,F,36400,55100,66.2,5.7
Jan 2017-Dec 2017,00AW,Kensington and Chelsea,F,37200,53800,69.2,5.9
Jan 2018-Dec 2018,00AW,Kensington and Chelsea,F,30500,50200,60.6,6.7
Jan 2019-Dec 2019,00AW,Kensington and Chelsea,F,33600,50400,66.6,6.5
Jan 2005-Dec 2005,00AX,Kingston upon Thames,F,39700,53000,74.8,5
Jan 2006-Dec 2006,00AX,Kingston upon Thames,F,38400,53300,72,5
Jan 2007-Dec 2007,00AX,Kingston upon Thames,F,35400,53300,66.3,5.8
Jan 2008-Dec 2008,00AX,Kingston upon Thames,F,37600,53600,70.1,5.4
Jan 2009-Dec 2009,00AX,Kingston upon Thames,F,39600,53800,73.7,5.3
Jan 2010-Dec 2010,00AX,Kingston upon Thames,F,39800,54700,72.8,5.3
Jan 2011-Dec 2011,00AX,Kingston upon Thames,F,38800,55600,69.7,5.3
Jan 2012-Dec 2012,00AX,Kingston upon Thames,F,40100,55900,71.7,5.3
Jan 2013-Dec 2013,00AX,Kingston upon Thames,F,43700,56400,77.4,5
Jan 2014-Dec 2014,00AX,Kingston upon Thames,F,41200,56700,72.6,5.3
Jan 2015-Dec 2015,00AX,Kingston upon Thames,F,40700,57100,71.2,5.6
Jan 2016-Dec 2016,00AX,Kingston upon Thames,F,42700,60200,71,5.9
Jan 2017-Dec 2017,00AX,Kingston upon Thames,F,43800,59600,73.4,5.5
Jan 2018-Dec 2018,00AX,Kingston upon Thames,F,41000,60100,68.2,6
Jan 2019-Dec 2019,00AX,Kingston upon Thames,F,44700,59300,75.4,5.9
Jan 2005-Dec 2005,00AY,Lambeth,F,65800,97500,67.5,5.3
Jan 2006-Dec 2006,00AY,Lambeth,F,57100,99100,57.6,5.7
Jan 2007-Dec 2007,00AY,Lambeth,F,69700,101700,68.6,4.8
Jan 2008-Dec 2008,00AY,Lambeth,F,74000,102700,72.1,4.8
Jan 2009-Dec 2009,00AY,Lambeth,F,82300,107200,76.8,4.6
Jan 2010-Dec 2010,00AY,Lambeth,F,80400,109600,73.3,5.4
Jan 2011-Dec 2011,00AY,Lambeth,F,86100,112100,76.8,4.8
Jan 2012-Dec 2012,00AY,Lambeth,F,80100,113800,70.4,5.7
Jan 2013-Dec 2013,00AY,Lambeth,F,96100,117500,81.8,4.9
Jan 2014-Dec 2014,00AY,Lambeth,F,95300,119200,79.9,5
Jan 2015-Dec 2015,00AY,Lambeth,F,92800,118500,78.4,5.5
Jan 2016-Dec 2016,00AY,Lambeth,F,106000,122000,86.9,4.7
Jan 2017-Dec 2017,00AY,Lambeth,F,104000,124500,83.5,5.2
Jan 2018-Dec 2018,00AY,Lambeth,F,96200,121200,79.4,5.4
Jan 2019-Dec 2019,00AY,Lambeth,F,96500,120900,79.8,5.1
Jan 2005-Dec 2005,00AZ,Lewisham,F,60200,88700,67.9,5
Jan 2006-Dec 2006,00AZ,Lewisham,F,63600,90300,70.5,5.1
Jan 2007-Dec 2007,00AZ,Lewisham,F,64600,91700,70.4,5.1
Jan 2008-Dec 2008,00AZ,Lewisham,F,68100,95000,71.7,4.7
Jan 2009-Dec 2009,00AZ,Lewisham,F,69500,96400,72.1,5.2
Jan 2010-Dec 2010,00AZ,Lewisham,F,61500,97000,63.5,6
Jan 2011-Dec 2011,00AZ,Lewisham,F,67900,100200,67.7,5.3
Jan 2012-Dec 2012,00AZ,Lewisham,F,68600,100400,68.3,5.3
Jan 2013-Dec 2013,00AZ,Lewisham,F,73200,100500,72.9,5
Jan 2014-Dec 2014,00AZ,Lewisham,F,76400,103000,74.1,4.7
Jan 2015-Dec 2015,00AZ,Lewisham,F,81500,105800,77,4.9
Jan 2016-Dec 2016,00AZ,Lewisham,F,76800,104800,73.3,5.4
Jan 2017-Dec 2017,00AZ,Lewisham,F,87000,104600,83.2,4.5
Jan 2018-Dec 2018,00AZ,Lewisham,F,78300,106200,73.6,5.4
Jan 2019-Dec 2019,00AZ,Lewisham,F,87600,108600,80.6,4.8
Jan 2005-Dec 2005,00BA,Merton,F,45100,65600,68.8,5.5
Jan 2006-Dec 2006,00BA,Merton,F,47800,66100,72.4,4.9
Jan 2007-Dec 2007,00BA,Merton,F,49400,66800,74,4.9
Jan 2008-Dec 2008,00BA,Merton,F,48600,66300,73.2,5.9
Jan 2009-Dec 2009,00BA,Merton,F,47800,67600,70.6,5.3
Jan 2010-Dec 2010,00BA,Merton,F,46800,68000,68.8,4.9
Jan 2011-Dec 2011,00BA,Merton,F,47700,68000,70.2,4.9
Jan 2012-Dec 2012,00BA,Merton,F,48500,68500,70.8,4.9
Jan 2013-Dec 2013,00BA,Merton,F,50600,70400,72,5.5
Jan 2014-Dec 2014,00BA,Merton,F,51200,69600,73.5,5.4
Jan 2015-Dec 2015,00BA,Merton,F,52500,69200,75.9,5.2
Jan 2016-Dec 2016,00BA,Merton,F,50700,70100,72.3,5.7
Jan 2017-Dec 2017,00BA,Merton,F,55400,69900,79.2,5.6
Jan 2018-Dec 2018,00BA,Merton,F,56300,70100,80.2,5.3
Jan 2019-Dec 2019,00BA,Merton,F,55200,70300,78.6,5.1
Jan 2005-Dec 2005,00BB,Newham,F,41600,83900,49.5,5.4
Jan 2006-Dec 2006,00BB,Newham,F,44200,85400,51.7,5.2
Jan 2007-Dec 2007,00BB,Newham,F,45000,87700,51.3,5.4
Jan 2008-Dec 2008,00BB,Newham,F,46400,90100,51.5,5.2
Jan 2009-Dec 2009,00BB,Newham,F,52000,93100,55.8,5.1
Jan 2010-Dec 2010,00BB,Newham,F,49900,100000,49.9,5.2
Jan 2011-Dec 2011,00BB,Newham,F,52300,101900,51.3,5.2
Jan 2012-Dec 2012,00BB,Newham,F,57400,103400,55.5,5.2
Jan 2013-Dec 2013,00BB,Newham,F,61600,104500,58.9,5.1
Jan 2014-Dec 2014,00BB,Newham,F,59100,105400,56.1,5.4
Jan 2015-Dec 2015,00BB,Newham,F,67800,108400,62.6,5.2
Jan 2016-Dec 2016,00BB,Newham,F,71100,111200,63.9,5.4
Jan 2017-Dec 2017,00BB,Newham,F,66900,111800,59.9,6.2
Jan 2018-Dec 2018,00BB,Newham,F,68600,111200,61.7,6.6
Jan 2019-Dec 2019,00BB,Newham,F,78500,115200,68.1,6.6
Jan 2005-Dec 2005,00BC,Redbridge,F,49200,82600,59.6,5.8
Jan 2006-Dec 2006,00BC,Redbridge,F,52700,83400,63.2,5.9
Jan 2007-Dec 2007,00BC,Redbridge,F,51100,85500,59.8,5.8
Jan 2008-Dec 2008,00BC,Redbridge,F,54100,88200,61.3,5.3
Jan 2009-Dec 2009,00BC,Redbridge,F,56900,89500,63.6,5.5
Jan 2010-Dec 2010,00BC,Redbridge,F,54400,91400,59.5,5
Jan 2011-Dec 2011,00BC,Redbridge,F,52400,90600,57.8,5.3
Jan 2012-Dec 2012,00BC,Redbridge,F,59400,92900,64,5.1
Jan 2013-Dec 2013,00BC,Redbridge,F,64300,96300,66.8,5.2
Jan 2014-Dec 2014,00BC,Redbridge,F,63400,95700,66.2,5.3
Jan 2015-Dec 2015,00BC,Redbridge,F,63000,96500,65.2,5.2
Jan 2016-Dec 2016,00BC,Redbridge,F,65200,98800,66.1,5.2
Jan 2017-Dec 2017,00BC,Redbridge,F,66400,101300,65.6,5.3
Jan 2018-Dec 2018,00BC,Redbridge,F,62200,100700,61.7,5.4
Jan 2019-Dec 2019,00BC,Redbridge,F,59500,99100,60,5.9
Jan 2005-Dec 2005,00BD,Richmond upon Thames,F,45500,61000,74.6,4.8
Jan 2006-Dec 2006,00BD,Richmond upon Thames,F,45400,62500,72.7,4.8
Jan 2007-Dec 2007,00BD,Richmond upon Thames,F,44700,62400,71.7,5
Jan 2008-Dec 2008,00BD,Richmond upon Thames,F,44300,62900,70.4,5.3
Jan 2009-Dec 2009,00BD,Richmond upon Thames,F,43400,61400,70.6,5.6
Jan 2010-Dec 2010,00BD,Richmond upon Thames,F,44800,61500,72.8,5.3
Jan 2011-Dec 2011,00BD,Richmond upon Thames,F,49000,64300,76.2,5.2
Jan 2012-Dec 2012,00BD,Richmond upon Thames,F,49400,65600,75.4,5.1
Jan 2013-Dec 2013,00BD,Richmond upon Thames,F,46800,64400,72.7,5
Jan 2014-Dec 2014,00BD,Richmond upon Thames,F,47900,63700,75.2,5
Jan 2015-Dec 2015,00BD,Richmond upon Thames,F,50800,62600,81.3,4.7
Jan 2016-Dec 2016,00BD,Richmond upon Thames,F,55900,66900,83.6,4.9
Jan 2017-Dec 2017,00BD,Richmond upon Thames,F,49300,68500,71.9,5.7
Jan 2018-Dec 2018,00BD,Richmond upon Thames,F,47600,62700,76,5.8
Jan 2019-Dec 2019,00BD,Richmond upon Thames,F,49300,63700,77.5,5.8
Jan 2005-Dec 2005,00BE,Southwark,F,53700,92600,58,5.6
Jan 2006-Dec 2006,00BE,Southwark,F,56600,94500,59.9,5.5
Jan 2007-Dec 2007,00BE,Southwark,F,61500,98200,62.6,5.3
Jan 2008-Dec 2008,00BE,Southwark,F,63200,99500,63.5,5.2
Jan 2009-Dec 2009,00BE,Southwark,F,65700,100500,65.4,5.7
Jan 2010-Dec 2010,00BE,Southwark,F,74100,103700,71.5,5.6
Jan 2011-Dec 2011,00BE,Southwark,F,69500,106400,65.4,5.3
Jan 2012-Dec 2012,00BE,Southwark,F,73600,107100,68.7,5
Jan 2013-Dec 2013,00BE,Southwark,F,71300,109400,65.2,5
Jan 2014-Dec 2014,00BE,Southwark,F,81500,109700,74.3,4.4
Jan 2015-Dec 2015,00BE,Southwark,F,84500,112000,75.5,4.8
Jan 2016-Dec 2016,00BE,Southwark,F,89800,113900,78.9,4.9
Jan 2017-Dec 2017,00BE,Southwark,F,93100,117400,79.3,4.8
Jan 2018-Dec 2018,00BE,Southwark,F,91600,115800,79.1,4.8
Jan 2019-Dec 2019,00BE,Southwark,F,91700,115700,79.2,5.1
Jan 2005-Dec 2005,00BF,Sutton,F,46600,61000,76.3,5.1
Jan 2006-Dec 2006,00BF,Sutton,F,44900,59600,75.3,5.5
Jan 2007-Dec 2007,00BF,Sutton,F,44200,59700,74,5.6
Jan 2008-Dec 2008,00BF,Sutton,F,45900,62100,74,5.6
Jan 2009-Dec 2009,00BF,Sutton,F,46200,62400,74.1,5.4
Jan 2010-Dec 2010,00BF,Sutton,F,46000,62800,73.3,5
Jan 2011-Dec 2011,00BF,Sutton,F,44400,63000,70.5,5.6
Jan 2012-Dec 2012,00BF,Sutton,F,46400,64100,72.4,5.6
Jan 2013-Dec 2013,00BF,Sutton,F,49600,63800,77.7,5.6
Jan 2014-Dec 2014,00BF,Sutton,F,49000,65700,74.6,6.1
Jan 2015-Dec 2015,00BF,Sutton,F,51400,66800,77.1,5.8
Jan 2016-Dec 2016,00BF,Sutton,F,50900,66200,76.9,5.4
Jan 2017-Dec 2017,00BF,Sutton,F,53400,67300,79.3,5.3
Jan 2018-Dec 2018,00BF,Sutton,F,51200,65500,78.1,5.3
Jan 2019-Dec 2019,00BF,Sutton,F,54200,67700,80.1,4.7
Jan 2005-Dec 2005,00BG,Tower Hamlets,F,34400,71700,48,5.3
Jan 2006-Dec 2006,00BG,Tower Hamlets,F,37100,74400,49.9,5.3
Jan 2007-Dec 2007,00BG,Tower Hamlets,F,38600,77400,49.8,5.6
Jan 2008-Dec 2008,00BG,Tower Hamlets,F,45800,81200,56.5,5.3
Jan 2009-Dec 2009,00BG,Tower Hamlets,F,48500,85200,56.9,5.6
Jan 2010-Dec 2010,00BG,Tower Hamlets,F,47600,87400,54.5,5.5
Jan 2011-Dec 2011,00BG,Tower Hamlets,F,50600,89400,56.6,5.2
Jan 2012-Dec 2012,00BG,Tower Hamlets,F,51700,91900,56.3,5.5
Jan 2013-Dec 2013,00BG,Tower Hamlets,F,59500,95900,62.1,5.4
Jan 2014-Dec 2014,00BG,Tower Hamlets,F,65100,99500,65.4,5.3
Jan 2015-Dec 2015,00BG,Tower Hamlets,F,68100,102500,66.4,5.6
Jan 2016-Dec 2016,00BG,Tower Hamlets,F,72700,105500,68.9,5.9
Jan 2017-Dec 2017,00BG,Tower Hamlets,F,61600,108300,56.9,6.1
Jan 2018-Dec 2018,00BG,Tower Hamlets,F,71500,107500,66.5,6.6
Jan 2019-Dec 2019,00BG,Tower Hamlets,F,64800,110100,58.9,6.8
Jan 2005-Dec 2005,00BH,Waltham Forest,F,46900,75500,62.2,5.3
Jan 2006-Dec 2006,00BH,Waltham Forest,F,52900,78200,67.7,5.5
Jan 2007-Dec 2007,00BH,Waltham Forest,F,50800,80300,63.3,5.7
Jan 2008-Dec 2008,00BH,Waltham Forest,F,47500,81400,58.4,5.6
Jan 2009-Dec 2009,00BH,Waltham Forest,F,52500,83800,62.6,5.7
Jan 2010-Dec 2010,00BH,Waltham Forest,F,57100,86500,66,5.2
Jan 2011-Dec 2011,00BH,Waltham Forest,F,59300,88500,66.9,5.2
Jan 2012-Dec 2012,00BH,Waltham Forest,F,56000,87900,63.8,5.6
Jan 2013-Dec 2013,00BH,Waltham Forest,F,59300,88200,67.3,5.5
Jan 2014-Dec 2014,00BH,Waltham Forest,F,59300,87900,67.4,5.9
Jan 2015-Dec 2015,00BH,Waltham Forest,F,65100,91600,71,6.2
Jan 2016-Dec 2016,00BH,Waltham Forest,F,63700,91600,69.5,6.2
Jan 2017-Dec 2017,00BH,Waltham Forest,F,66700,89800,74.2,5.5
Jan 2018-Dec 2018,00BH,Waltham Forest,F,69600,91500,76,5.5
Jan 2019-Dec 2019,00BH,Waltham Forest,F,68700,93000,73.9,6.3
Jan 2005-Dec 2005,00BJ,Wandsworth,F,78000,107300,72.7,5.3
Jan 2006-Dec 2006,00BJ,Wandsworth,F,77900,110400,70.5,5.5
Jan 2007-Dec 2007,00BJ,Wandsworth,F,83000,111300,74.6,5.4
Jan 2008-Dec 2008,00BJ,Wandsworth,F,86100,113100,76.1,5.1
Jan 2009-Dec 2009,00BJ,Wandsworth,F,87800,115300,76.2,5.4
Jan 2010-Dec 2010,00BJ,Wandsworth,F,82300,113900,72.3,5.4
Jan 2011-Dec 2011,00BJ,Wandsworth,F,86500,115200,75,5.3
Jan 2012-Dec 2012,00BJ,Wandsworth,F,86500,118400,73.1,5.2
Jan 2013-Dec 2013,00BJ,Wandsworth,F,89000,117600,75.7,5.3
Jan 2014-Dec 2014,00BJ,Wandsworth,F,91500,117300,78,5
Jan 2015-Dec 2015,00BJ,Wandsworth,F,91300,119700,76.2,5.1
Jan 2016-Dec 2016,00BJ,Wandsworth,F,93300,122600,76.1,5.5
Jan 2017-Dec 2017,00BJ,Wandsworth,F,96700,121700,79.5,5.4
Jan 2018-Dec 2018,00BJ,Wandsworth,F,97600,123000,79.4,5.2
Jan 2019-Dec 2019,00BJ,Wandsworth,F,101800,124400,81.8,5.2
Jan 2005-Dec 2005,00BK,Westminster,F,50100,81100,61.7,5.2
Jan 2006-Dec 2006,00BK,Westminster,F,52300,84000,62.3,5.2
Jan 2007-Dec 2007,00BK,Westminster,F,47400,82900,57.1,4.9
Jan 2008-Dec 2008,00BK,Westminster,F,48900,81600,59.9,4.9
Jan 2009-Dec 2009,00BK,Westminster,F,49600,79100,62.7,5.5
Jan 2010-Dec 2010,00BK,Westminster,F,45800,76100,60.3,6.5
Jan 2011-Dec 2011,00BK,Westminster,F,46300,78700,58.9,5.5
Jan 2012-Dec 2012,00BK,Westminster,F,50500,80500,62.8,5
Jan 2013-Dec 2013,00BK,Westminster,F,48000,77100,62.2,5
Jan 2014-Dec 2014,00BK,Westminster,F,48700,79400,61.4,5
Jan 2015-Dec 2015,00BK,Westminster,F,54000,80700,67,5.3
Jan 2016-Dec 2016,00BK,Westminster,F,50600,81400,62.1,5.9
Jan 2017-Dec 2017,00BK,Westminster,F,49500,80200,61.8,6
Jan 2018-Dec 2018,00BK,Westminster,F,53100,82200,64.6,6.4
Jan 2019-Dec 2019,00BK,Westminster,F,56300,82500,68.2,6.8
Jan 2005-Dec 2005,A,North East,F,558600,827300,67.5,0.9
Jan 2006-Dec 2006,A,North East,F,564800,831400,67.9,1.1
Jan 2007-Dec 2007,A,North East,F,574000,837100,68.6,1.1
Jan 2008-Dec 2008,A,North East,F,580000,840700,69,1.1
Jan 2009-Dec 2009,A,North East,F,575500,842900,68.3,1.1
Jan 2010-Dec 2010,A,North East,F,574900,845100,68,1.1
Jan 2011-Dec 2011,A,North East,F,564000,845700,66.7,1.2
Jan 2012-Dec 2012,A,North East,F,571600,840200,68,1.1
Jan 2013-Dec 2013,A,North East,F,575700,838200,68.7,1.1
Jan 2014-Dec 2014,A,North East,F,592200,836700,70.8,1.1
Jan 2015-Dec 2015,A,North East,F,589100,834500,70.6,1.1
Jan 2016-Dec 2016,A,North East,F,587600,834400,70.4,1.2
Jan 2017-Dec 2017,A,North East,F,595700,833100,71.5,1.2
Jan 2018-Dec 2018,A,North East,F,592700,831000,71.3,1.2
Jan 2019-Dec 2019,A,North East,F,593300,828800,71.6,1.2
Jan 2005-Dec 2005,B,North West,F,1514700,2216200,68.3,0.7
Jan 2006-Dec 2006,B,North West,F,1534200,2234100,68.7,0.8
Jan 2007-Dec 2007,B,North West,F,1544600,2248200,68.7,0.8
Jan 2008-Dec 2008,B,North West,F,1538600,2257600,68.2,0.8
Jan 2009-Dec 2009,B,North West,F,1550700,2263500,68.5,0.8
Jan 2010-Dec 2010,B,North West,F,1570200,2270900,69.1,0.8
Jan 2011-Dec 2011,B,North West,F,1573300,2276600,69.1,0.8
Jan 2012-Dec 2012,B,North West,F,1591300,2266400,70.2,0.8
Jan 2013-Dec 2013,B,North West,F,1574800,2259100,69.7,0.8
Jan 2014-Dec 2014,B,North West,F,1571000,2255700,69.6,0.8
Jan 2015-Dec 2015,B,North West,F,1588700,2260400,70.3,0.8
Jan 2016-Dec 2016,B,North West,F,1606500,2255100,71.2,0.8
Jan 2017-Dec 2017,B,North West,F,1614000,2254600,71.6,0.8
Jan 2018-Dec 2018,B,North West,F,1633700,2263800,72.2,0.9
Jan 2019-Dec 2019,B,North West,F,1655300,2261700,73.2,0.9
Jan 2005-Dec 2005,D,Yorkshire and The Humber,F,1133300,1645300,68.9,0.9
Jan 2006-Dec 2006,D,Yorkshire and The Humber,F,1146500,1658500,69.1,1
Jan 2007-Dec 2007,D,Yorkshire and The Humber,F,1148900,1670800,68.8,1
Jan 2008-Dec 2008,D,Yorkshire and The Humber,F,1160600,1682100,69,1
Jan 2009-Dec 2009,D,Yorkshire and The Humber,F,1164900,1687100,69,1
Jan 2010-Dec 2010,D,Yorkshire and The Humber,F,1174900,1692500,69.4,1
Jan 2011-Dec 2011,D,Yorkshire and The Humber,F,1166900,1697300,68.8,1
Jan 2012-Dec 2012,D,Yorkshire and The Humber,F,1185700,1692100,70.1,1
Jan 2013-Dec 2013,D,Yorkshire and The Humber,F,1193800,1689300,70.7,1
Jan 2014-Dec 2014,D,Yorkshire and The Humber,F,1202100,1688100,71.2,1
Jan 2015-Dec 2015,D,Yorkshire and The Humber,F,1215900,1691600,71.9,1
Jan 2016-Dec 2016,D,Yorkshire and The Humber,F,1210300,1692400,71.5,1
Jan 2017-Dec 2017,D,Yorkshire and The Humber,F,1217600,1693700,71.9,1
Jan 2018-Dec 2018,D,Yorkshire and The Humber,F,1228900,1696100,72.5,1.1
Jan 2019-Dec 2019,D,Yorkshire and The Humber,F,1227600,1695800,72.4,1.1
Jan 2005-Dec 2005,E,East Midlands,F,989700,1393200,71,0.8
Jan 2006-Dec 2006,E,East Midlands,F,1017400,1410400,72.1,1.1
Jan 2007-Dec 2007,E,East Midlands,F,1017100,1425600,71.3,1.1
Jan 2008-Dec 2008,E,East Midlands,F,1034300,1436200,72,1.2
Jan 2009-Dec 2009,E,East Midlands,F,1036100,1442600,71.8,1.2
Jan 2010-Dec 2010,E,East Midlands,F,1028400,1450200,70.9,1.2
Jan 2011-Dec 2011,E,East Midlands,F,1031800,1455500,70.9,1.2
Jan 2012-Dec 2012,E,East Midlands,F,1047600,1452700,72.1,1.2
Jan 2013-Dec 2013,E,East Midlands,F,1038400,1452700,71.5,1.2
Jan 2014-Dec 2014,E,East Midlands,F,1059100,1457300,72.7,1.2
Jan 2015-Dec 2015,E,East Midlands,F,1054100,1463800,72,1.3
Jan 2016-Dec 2016,E,East Midlands,F,1074000,1465900,73.3,1.3
Jan 2017-Dec 2017,E,East Midlands,F,1062300,1468400,72.3,1.3
Jan 2018-Dec 2018,E,East Midlands,F,1086900,1477800,73.5,1.3
Jan 2019-Dec 2019,E,East Midlands,F,1125600,1479000,76.1,1.3
Jan 2005-Dec 2005,F,West Midlands,F,1161900,1707700,68,0.8
Jan 2006-Dec 2006,F,West Midlands,F,1174100,1723600,68.1,1
Jan 2007-Dec 2007,F,West Midlands,F,1179000,1738000,67.8,1
Jan 2008-Dec 2008,F,West Midlands,F,1193800,1751000,68.2,1
Jan 2009-Dec 2009,F,West Midlands,F,1204000,1755700,68.6,1
Jan 2010-Dec 2010,F,West Midlands,F,1188900,1762600,67.5,1
Jan 2011-Dec 2011,F,West Midlands,F,1190100,1771500,67.2,1
Jan 2012-Dec 2012,F,West Midlands,F,1207100,1769400,68.2,1
Jan 2013-Dec 2013,F,West Midlands,F,1223700,1770800,69.1,1
Jan 2014-Dec 2014,F,West Midlands,F,1228900,1774300,69.3,1.1
Jan 2015-Dec 2015,F,West Midlands,F,1226700,1780500,68.9,1.1
Jan 2016-Dec 2016,F,West Midlands,F,1217300,1783600,68.3,1.1
Jan 2017-Dec 2017,F,West Midlands,F,1267200,1786700,70.9,1.1
Jan 2018-Dec 2018,F,West Midlands,F,1292100,1800900,71.7,1.1
Jan 2019-Dec 2019,F,West Midlands,F,1305200,1804600,72.3,1.1
Jan 2005-Dec 2005,G,East,F,1276500,1772300,72,0.7
Jan 2006-Dec 2006,G,East,F,1279700,1791000,71.5,1
Jan 2007-Dec 2007,G,East,F,1290200,1807900,71.4,1
Jan 2008-Dec 2008,G,East,F,1313100,1822900,72,1
Jan 2009-Dec 2009,G,East,F,1328600,1831900,72.5,1.1
Jan 2010-Dec 2010,G,East,F,1318200,1846200,71.4,1.1
Jan 2011-Dec 2011,G,East,F,1354900,1858100,72.9,1.1
Jan 2012-Dec 2012,G,East,F,1373900,1853400,74.1,1.1
Jan 2013-Dec 2013,G,East,F,1381500,1856400,74.4,1.1
Jan 2014-Dec 2014,G,East,F,1375000,1866400,73.7,1.1
Jan 2015-Dec 2015,G,East,F,1405000,1876200,74.9,1.1
Jan 2016-Dec 2016,G,East,F,1401900,1883200,74.4,1.1
Jan 2017-Dec 2017,G,East,F,1436400,1891200,75.9,1.1
Jan 2018-Dec 2018,G,East,F,1440600,1893100,76.1,1.1
Jan 2019-Dec 2019,G,East,F,1442800,1898400,76,1.1
Jan 2005-Dec 2005,H,South East,F,1942800,2628900,73.9,0.6
Jan 2006-Dec 2006,H,South East,F,1960700,2657800,73.8,0.8
Jan 2007-Dec 2007,H,South East,F,1973800,2685600,73.5,0.8
Jan 2008-Dec 2008,H,South East,F,1995200,2704800,73.8,0.8
Jan 2009-Dec 2009,H,South East,F,1998700,2718700,73.5,0.8
Jan 2010-Dec 2010,H,South East,F,2000400,2737200,73.1,0.8
Jan 2011-Dec 2011,H,South East,F,2006900,2748300,73,0.8
Jan 2012-Dec 2012,H,South East,F,2020200,2744500,73.6,0.8
Jan 2013-Dec 2013,H,South East,F,1978100,2873200,68.8,0.9
Jan 2014-Dec 2014,H,South East,F,2005700,2899400,69.2,0.9
Jan 2015-Dec 2015,H,South East,F,2079100,2934400,70.9,0.9
Jan 2016-Dec 2016,H,South East,F,2135500,2984400,71.6,1
Jan 2017-Dec 2017,H,South East,F,2169700,3015900,71.9,1
Jan 2018-Dec 2018,H,South East,F,2146200,2990900,71.8,1
Jan 2019-Dec 2019,H,South East,F,2169400,3009000,72.1,1.1
Jan 2005-Dec 2005,J,South West,F,1148600,1599700,71.8,0.7
Jan 2006-Dec 2006,J,South West,F,1179400,1616200,73,1
Jan 2007-Dec 2007,J,South West,F,1202400,1634500,73.6,0.9
Jan 2008-Dec 2008,J,South West,F,1212700,1642300,73.8,0.9
Jan 2009-Dec 2009,J,South West,F,1209900,1643700,73.6,1
Jan 2010-Dec 2010,J,South West,F,1199800,1649400,72.7,1
Jan 2011-Dec 2011,J,South West,F,1209100,1655100,73,1
Jan 2012-Dec 2012,J,South West,F,1204100,1650300,73,1
Jan 2013-Dec 2013,J,South West,F,2044200,2748600,74.4,0.8
Jan 2014-Dec 2014,J,South West,F,2067000,2759700,74.9,0.8
Jan 2015-Dec 2015,J,South West,F,2092000,2771500,75.5,0.8
Jan 2016-Dec 2016,J,South West,F,2109400,2783200,75.8,0.8
Jan 2017-Dec 2017,J,South West,F,2140500,2793400,76.6,0.8
Jan 2018-Dec 2018,J,South West,F,2136700,2796500,76.4,0.9
Jan 2019-Dec 2019,J,South West,F,2200100,2803400,78.5,0.8
Jan 2005-Dec 2005,K,London,F,1684700,2572700,65.5,0.9
Jan 2006-Dec 2006,K,London,F,1716800,2611400,65.7,0.9
Jan 2007-Dec 2007,K,London,F,1743100,2650500,65.8,0.9
Jan 2008-Dec 2008,K,London,F,1784400,2694500,66.2,0.9
Jan 2009-Dec 2009,K,London,F,1846800,2742700,67.3,1
Jan 2010-Dec 2010,K,London,F,1839600,2781400,66.1,1
Jan 2011-Dec 2011,K,London,F,1897500,2830300,67,0.9
Jan 2012-Dec 2012,K,London,F,1923700,2850900,67.5,0.9
Jan 2013-Dec 2013,K,London,F,1228500,1650800,74.4,1
Jan 2014-Dec 2014,K,London,F,1251100,1655300,75.6,1
Jan 2015-Dec 2015,K,London,F,1256100,1664400,75.5,1
Jan 2016-Dec 2016,K,London,F,1261100,1663600,75.8,1
Jan 2017-Dec 2017,K,London,F,1287100,1666100,77.3,1
Jan 2018-Dec 2018,K,London,F,1304100,1675500,77.8,1
Jan 2019-Dec 2019,K,London,F,1318000,1677700,78.6,1
Jan 2005-Dec 2005,921,England,F,11410800,16363400,69.7,0.3
Jan 2006-Dec 2006,921,England,F,11573600,16534400,70,0.3
Jan 2007-Dec 2007,921,England,F,11673000,16698100,69.9,0.3
Jan 2008-Dec 2008,921,England,F,11812700,16832000,70.2,0.3
Jan 2009-Dec 2009,921,England,F,11915200,16928800,70.4,0.3
Jan 2010-Dec 2010,921,England,F,11895300,17035500,69.8,0.3
Jan 2011-Dec 2011,921,England,F,11994500,17138300,70,0.3
Jan 2012-Dec 2012,921,England,F,12125300,17119900,70.8,0.3
Jan 2013-Dec 2013,921,England,F,12238800,17139100,71.4,0.3
Jan 2014-Dec 2014,921,England,F,12352100,17192900,71.8,0.3
Jan 2015-Dec 2015,921,England,F,12506600,17277300,72.4,0.3
Jan 2016-Dec 2016,921,England,F,12603600,17345800,72.7,0.3
Jan 2017-Dec 2017,921,England,F,12790500,17403000,73.5,0.3
Jan 2018-Dec 2018,921,England,F,12862000,17425700,73.8,0.3
Jan 2019-Dec 2019,921,England,F,13037300,17458600,74.7,0.3
Jan 2005-Dec 2005,924,Wales,F,633100,945700,66.9,0.8
Jan 2006-Dec 2006,924,Wales,F,640800,953800,67.2,0.8
Jan 2007-Dec 2007,924,Wales,F,649700,961500,67.6,0.8
Jan 2008-Dec 2008,924,Wales,F,660600,968500,68.2,0.8
Jan 2009-Dec 2009,924,Wales,F,652500,970500,67.2,0.9
Jan 2010-Dec 2010,924,Wales,F,651500,971000,67.1,0.9
Jan 2011-Dec 2011,924,Wales,F,660400,972000,67.9,0.9
Jan 2012-Dec 2012,924,Wales,F,660200,966900,68.3,0.9
Jan 2013-Dec 2013,924,Wales,F,679000,964000,70.4,0.8
Jan 2014-Dec 2014,924,Wales,F,677500,961100,70.5,0.9
Jan 2015-Dec 2015,924,Wales,F,676200,959900,70.5,0.9
Jan 2016-Dec 2016,924,Wales,F,682300,956700,71.3,0.9
Jan 2017-Dec 2017,924,Wales,F,690900,953800,72.4,0.9
Jan 2018-Dec 2018,924,Wales,F,694800,959700,72.4,0.9
Jan 2019-Dec 2019,924,Wales,F,690300,958100,72.1,0.9
Jan 2005-Dec 2005,923,Scotland,F,1212800,1695800,71.5,0.7
Jan 2006-Dec 2006,923,Scotland,F,1232300,1705300,72.3,0.7
Jan 2007-Dec 2007,923,Scotland,F,1235500,1719200,71.9,0.7
Jan 2008-Dec 2008,923,Scotland,F,1239600,1727900,71.7,0.7
Jan 2009-Dec 2009,923,Scotland,F,1254200,1736500,72.2,0.7
Jan 2010-Dec 2010,923,Scotland,F,1256000,1746100,71.9,0.7
Jan 2011-Dec 2011,923,Scotland,F,1260300,1756000,71.8,0.8
Jan 2012-Dec 2012,923,Scotland,F,1256900,1750000,71.8,0.8
Jan 2013-Dec 2013,923,Scotland,F,1263400,1747400,72.3,0.8
Jan 2014-Dec 2014,923,Scotland,F,1276200,1747300,73,0.8
Jan 2015-Dec 2015,923,Scotland,F,1295300,1752500,73.9,0.8
Jan 2016-Dec 2016,923,Scotland,F,1266600,1746800,72.5,0.8
Jan 2017-Dec 2017,923,Scotland,F,1282800,1745400,73.5,0.8
Jan 2018-Dec 2018,923,Scotland,F,1290700,1761700,73.3,0.8
Jan 2019-Dec 2019,923,Scotland,F,1305700,1761500,74.1,0.8
Jan 2005-Dec 2005,922,Northern Ireland,F,346500,558900,62,1.9
Jan 2006-Dec 2006,922,Northern Ireland,F,356200,565900,62.9,1.9
Jan 2007-Dec 2007,922,Northern Ireland,F,370300,573700,64.5,1.9
Jan 2008-Dec 2008,922,Northern Ireland,F,369200,579700,63.7,1.9
Jan 2009-Dec 2009,922,Northern Ireland,F,368200,582900,63.2,1.9
Jan 2010-Dec 2010,922,Northern Ireland,F,373300,585500,63.8,2
Jan 2011-Dec 2011,922,Northern Ireland,F,388000,587000,66.1,2
Jan 2012-Dec 2012,922,Northern Ireland,F,391300,587200,66.6,2
Jan 2013-Dec 2013,922,Northern Ireland,F,388500,587300,66.1,2
Jan 2014-Dec 2014,922,Northern Ireland,F,390700,588900,66.3,2
Jan 2015-Dec 2015,922,Northern Ireland,F,394400,590400,66.8,2.1
Jan 2016-Dec 2016,922,Northern Ireland,F,402500,591600,68,2
Jan 2017-Dec 2017,922,Northern Ireland,F,399100,592300,67.4,2
Jan 2018-Dec 2018,922,Northern Ireland,F,404700,590000,68.6,1.8
Jan 2019-Dec 2019,922,Northern Ireland,F,411600,590000,69.8,1.5
Jan 2005-Dec 2005,941,England and Wales,F,12043800,17309100,69.6,0.2
Jan 2006-Dec 2006,941,England and Wales,F,12214400,17488200,69.8,0.3
Jan 2007-Dec 2007,941,England and Wales,F,12322700,17659600,69.8,0.3
Jan 2008-Dec 2008,941,England and Wales,F,12473300,17800500,70.1,0.3
Jan 2009-Dec 2009,941,England and Wales,F,12567700,17899300,70.2,0.3
Jan 2010-Dec 2010,941,England and Wales,F,12546700,18006500,69.7,0.3
Jan 2011-Dec 2011,941,England and Wales,F,12655000,18110300,69.9,0.3
Jan 2012-Dec 2012,941,England and Wales,F,12785500,18086700,70.7,0.3
Jan 2013-Dec 2013,941,England and Wales,F,12917800,18103100,71.4,0.3
Jan 2014-Dec 2014,941,England and Wales,F,13029600,18154000,71.8,0.3
Jan 2015-Dec 2015,941,England and Wales,F,13182800,18237200,72.3,0.3
Jan 2016-Dec 2016,941,England and Wales,F,13285900,18302500,72.6,0.3
Jan 2017-Dec 2017,941,England and Wales,F,13481400,18356800,73.4,0.3
Jan 2018-Dec 2018,941,England and Wales,F,13556700,18385400,73.7,0.3
Jan 2019-Dec 2019,941,England and Wales,F,13727600,18416700,74.5,0.3
Jan 2005-Dec 2005,925,Great Britain,F,13256600,19004900,69.8,0.2
Jan 2006-Dec 2006,925,Great Britain,F,13446700,19193500,70.1,0.3
Jan 2007-Dec 2007,925,Great Britain,F,13558200,19378800,70,0.3
Jan 2008-Dec 2008,925,Great Britain,F,13712900,19528400,70.2,0.3
Jan 2009-Dec 2009,925,Great Britain,F,13821900,19635700,70.4,0.3
Jan 2010-Dec 2010,925,Great Britain,F,13802700,19752600,69.9,0.3
Jan 2011-Dec 2011,925,Great Britain,F,13915200,19866300,70,0.3
Jan 2012-Dec 2012,925,Great Britain,F,14042400,19836700,70.8,0.3
Jan 2013-Dec 2013,925,Great Britain,F,14181200,19850500,71.4,0.3
Jan 2014-Dec 2014,925,Great Britain,F,14305800,19901400,71.9,0.3
Jan 2015-Dec 2015,925,Great Britain,F,14478200,19989700,72.4,0.3
Jan 2016-Dec 2016,925,Great Britain,F,14552600,20049300,72.6,0.3
Jan 2017-Dec 2017,925,Great Britain,F,14764100,20102200,73.4,0.3
Jan 2018-Dec 2018,925,Great Britain,F,14847500,20147000,73.7,0.3
Jan 2019-Dec 2019,925,Great Britain,F,15033300,20178200,74.5,0.3
Jan 2005-Dec 2005,926,United Kingdom,F,13603200,19563800,69.5,0.2
Jan 2006-Dec 2006,926,United Kingdom,F,13802800,19759400,69.9,0.3
Jan 2007-Dec 2007,926,United Kingdom,F,13928500,19952500,69.8,0.3
Jan 2008-Dec 2008,926,United Kingdom,F,14082100,20108100,70,0.3
Jan 2009-Dec 2009,926,United Kingdom,F,14190100,20218700,70.2,0.3
Jan 2010-Dec 2010,926,United Kingdom,F,14176100,20338100,69.7,0.3
Jan 2011-Dec 2011,926,United Kingdom,F,14303200,20453300,69.9,0.3
Jan 2012-Dec 2012,926,United Kingdom,F,14433700,20423800,70.7,0.3
Jan 2013-Dec 2013,926,United Kingdom,F,14569700,20437800,71.3,0.3
Jan 2014-Dec 2014,926,United Kingdom,F,14696500,20490300,71.7,0.3
Jan 2015-Dec 2015,926,United Kingdom,F,14872500,20580100,72.3,0.3
Jan 2016-Dec 2016,926,United Kingdom,F,14955100,20640900,72.5,0.3
Jan 2017-Dec 2017,926,United Kingdom,F,15163200,20694500,73.3,0.3
Jan 2018-Dec 2018,926,United Kingdom,F,15252200,20737000,73.6,0.3
Jan 2019-Dec 2019,926,United Kingdom,F,15445000,20768200,74.4,0.3
Jan 2005-Dec 2005,00AA,City of London,M,4500,5200,87,
Jan 2006-Dec 2006,00AA,City of London,M,1900,3000,62.9,
Jan 2007-Dec 2007,00AA,City of London,M,2000,2000,100,
Jan 2008-Dec 2008,00AA,City of London,M,4900,5400,91.3,
Jan 2009-Dec 2009,00AA,City of London,M,4500,5100,88.2,
Jan 2010-Dec 2010,00AA,City of London,M,,2300,,
Jan 2011-Dec 2011,00AA,City of London,M,,1500,,
Jan 2012-Dec 2012,00AA,City of London,M,,1500,,
Jan 2013-Dec 2013,00AA,City of London,M,,,,
Jan 2014-Dec 2014,00AA,City of London,M,,,,
Jan 2015-Dec 2015,00AA,City of London,M,,,,
Jan 2016-Dec 2016,00AA,City of London,M,2200,3600,62.5,
Jan 2017-Dec 2017,00AA,City of London,M,4100,5500,73.4,
Jan 2018-Dec 2018,00AA,City of London,M,3300,4400,74.8,
Jan 2019-Dec 2019,00AA,City of London,M,4800,5800,81.5,
Jan 2005-Dec 2005,00AB,Barking and Dagenham,M,40200,50900,79,5
Jan 2006-Dec 2006,00AB,Barking and Dagenham,M,39500,51200,77.1,5
Jan 2007-Dec 2007,00AB,Barking and Dagenham,M,43000,51700,83.1,4.7
Jan 2008-Dec 2008,00AB,Barking and Dagenham,M,42200,52500,80.3,4.7
Jan 2009-Dec 2009,00AB,Barking and Dagenham,M,43400,54000,80.3,5
Jan 2010-Dec 2010,00AB,Barking and Dagenham,M,47800,56100,85.2,4.1
Jan 2011-Dec 2011,00AB,Barking and Dagenham,M,46900,57800,81.1,4.6
Jan 2012-Dec 2012,00AB,Barking and Dagenham,M,48600,58300,83.2,4.4
Jan 2013-Dec 2013,00AB,Barking and Dagenham,M,49200,59300,82.9,4.7
Jan 2014-Dec 2014,00AB,Barking and Dagenham,M,48300,60700,79.5,5.1
Jan 2015-Dec 2015,00AB,Barking and Dagenham,M,52300,62600,83.5,4.6
Jan 2016-Dec 2016,00AB,Barking and Dagenham,M,50500,63100,80,4.9
Jan 2017-Dec 2017,00AB,Barking and Dagenham,M,54200,64600,83.9,4.7
Jan 2018-Dec 2018,00AB,Barking and Dagenham,M,54800,66600,82.3,5.1
Jan 2019-Dec 2019,00AB,Barking and Dagenham,M,55700,67800,82.1,5.6
Jan 2005-Dec 2005,00AC,Barnet,M,85200,104500,81.5,5.1
Jan 2006-Dec 2006,00AC,Barnet,M,85700,105400,81.3,4.8
Jan 2007-Dec 2007,00AC,Barnet,M,84000,106400,78.9,4.8
Jan 2008-Dec 2008,00AC,Barnet,M,87200,108200,80.6,4.4
Jan 2009-Dec 2009,00AC,Barnet,M,90000,110200,81.7,5
Jan 2010-Dec 2010,00AC,Barnet,M,90500,111900,80.9,4.6
Jan 2011-Dec 2011,00AC,Barnet,M,97400,114200,85.3,4.5
Jan 2012-Dec 2012,00AC,Barnet,M,92400,115900,79.7,5.2
Jan 2013-Dec 2013,00AC,Barnet,M,98400,117700,83.6,4.8
Jan 2014-Dec 2014,00AC,Barnet,M,98500,120000,82.1,4.7
Jan 2015-Dec 2015,00AC,Barnet,M,99900,120100,83.2,4.8
Jan 2016-Dec 2016,00AC,Barnet,M,100400,124300,80.7,5
Jan 2017-Dec 2017,00AC,Barnet,M,104000,127100,81.8,4.8
Jan 2018-Dec 2018,00AC,Barnet,M,101600,126900,80.1,5.3
Jan 2019-Dec 2019,00AC,Barnet,M,106600,129200,82.5,5.5
Jan 2005-Dec 2005,00AD,Bexley,M,59000,68400,86.2,4.4
Jan 2006-Dec 2006,00AD,Bexley,M,58900,68900,85.5,4.2
Jan 2007-Dec 2007,00AD,Bexley,M,57600,69400,83,4.4
Jan 2008-Dec 2008,00AD,Bexley,M,58300,70000,83.4,4.7
Jan 2009-Dec 2009,00AD,Bexley,M,58000,70400,82.3,5
Jan 2010-Dec 2010,00AD,Bexley,M,59000,71200,82.9,4.5
Jan 2011-Dec 2011,00AD,Bexley,M,58300,71600,81.5,4.9
Jan 2012-Dec 2012,00AD,Bexley,M,60800,71400,85.2,4.8
Jan 2013-Dec 2013,00AD,Bexley,M,62000,72000,86.1,4.8
Jan 2014-Dec 2014,00AD,Bexley,M,63200,72900,86.7,4.5
Jan 2015-Dec 2015,00AD,Bexley,M,65200,73700,88.4,4.2
Jan 2016-Dec 2016,00AD,Bexley,M,65900,74400,88.7,4.2
Jan 2017-Dec 2017,00AD,Bexley,M,62800,75100,83.7,4.6
Jan 2018-Dec 2018,00AD,Bexley,M,64000,76000,84.2,4.7
Jan 2019-Dec 2019,00AD,Bexley,M,63100,76600,82.4,5
Jan 2005-Dec 2005,00AE,Brent,M,77000,92800,83,4.5
Jan 2006-Dec 2006,00AE,Brent,M,77200,94800,81.4,5.3
Jan 2007-Dec 2007,00AE,Brent,M,82200,97600,84.3,4.8
Jan 2008-Dec 2008,00AE,Brent,M,85300,100800,84.5,4.1
Jan 2009-Dec 2009,00AE,Brent,M,86500,103400,83.6,5
Jan 2010-Dec 2010,00AE,Brent,M,83000,106200,78.2,5.6
Jan 2011-Dec 2011,00AE,Brent,M,83000,109400,75.9,6
Jan 2012-Dec 2012,00AE,Brent,M,88700,109700,80.9,4.6
Jan 2013-Dec 2013,00AE,Brent,M,93100,110500,84.3,3.9
Jan 2014-Dec 2014,00AE,Brent,M,89800,111300,80.7,4.1
Jan 2015-Dec 2015,00AE,Brent,M,94300,113600,83,4
Jan 2016-Dec 2016,00AE,Brent,M,98100,115500,85,4
Jan 2017-Dec 2017,00AE,Brent,M,97100,116700,83.2,4.3
Jan 2018-Dec 2018,00AE,Brent,M,96500,113800,84.8,4.6
Jan 2019-Dec 2019,00AE,Brent,M,98100,114400,85.8,6
Jan 2005-Dec 2005,00AF,Bromley,M,80700,92000,87.7,3.9
Jan 2006-Dec 2006,00AF,Bromley,M,82900,93200,88.9,3.9
Jan 2007-Dec 2007,00AF,Bromley,M,84700,93400,90.7,3.5
Jan 2008-Dec 2008,00AF,Bromley,M,82000,94100,87.2,4.2
Jan 2009-Dec 2009,00AF,Bromley,M,84400,94400,89.4,4.5
Jan 2010-Dec 2010,00AF,Bromley,M,79100,94700,83.5,5.3
Jan 2011-Dec 2011,00AF,Bromley,M,79200,95100,83.3,4.7
Jan 2012-Dec 2012,00AF,Bromley,M,81100,95300,85.1,4.3
Jan 2013-Dec 2013,00AF,Bromley,M,82400,96500,85.5,4
Jan 2014-Dec 2014,00AF,Bromley,M,82000,96800,84.7,4
Jan 2015-Dec 2015,00AF,Bromley,M,84900,97700,86.9,4
Jan 2016-Dec 2016,00AF,Bromley,M,87400,98800,88.5,4
Jan 2017-Dec 2017,00AF,Bromley,M,89700,99800,89.8,4
Jan 2018-Dec 2018,00AF,Bromley,M,88500,99900,88.6,4.3
Jan 2019-Dec 2019,00AF,Bromley,M,88800,100800,88.1,4.1
Jan 2005-Dec 2005,00AG,Camden,M,57600,74600,77.3,5.3
Jan 2006-Dec 2006,00AG,Camden,M,60300,74600,80.8,4.5
Jan 2007-Dec 2007,00AG,Camden,M,58600,74800,78.4,4.4
Jan 2008-Dec 2008,00AG,Camden,M,59800,74300,80.5,4.1
Jan 2009-Dec 2009,00AG,Camden,M,58300,75400,77.3,4.9
Jan 2010-Dec 2010,00AG,Camden,M,61200,75900,80.7,4.8
Jan 2011-Dec 2011,00AG,Camden,M,59700,78500,76,5.4
Jan 2012-Dec 2012,00AG,Camden,M,65100,79700,81.6,4.7
Jan 2013-Dec 2013,00AG,Camden,M,62200,81700,76.1,5
Jan 2014-Dec 2014,00AG,Camden,M,66400,83300,79.6,4.6
Jan 2015-Dec 2015,00AG,Camden,M,64900,86600,74.9,5.3
Jan 2016-Dec 2016,00AG,Camden,M,69100,89300,77.3,5.2
Jan 2017-Dec 2017,00AG,Camden,M,70300,91300,77,5.5
Jan 2018-Dec 2018,00AG,Camden,M,77100,93700,82.3,5.2
Jan 2019-Dec 2019,00AG,Camden,M,75400,96600,78,6
Jan 2005-Dec 2005,00AH,Croydon,M,91900,108700,84.5,4
Jan 2006-Dec 2006,00AH,Croydon,M,92700,109500,84.7,4.1
Jan 2007-Dec 2007,00AH,Croydon,M,93700,110600,84.8,4.4
Jan 2008-Dec 2008,00AH,Croydon,M,94600,112200,84.3,4.8
Jan 2009-Dec 2009,00AH,Croydon,M,94900,113200,83.8,4.8
Jan 2010-Dec 2010,00AH,Croydon,M,99500,114600,86.8,4.5
Jan 2011-Dec 2011,00AH,Croydon,M,95700,116400,82.3,4.8
Jan 2012-Dec 2012,00AH,Croydon,M,99300,116700,85.1,4.7
Jan 2013-Dec 2013,00AH,Croydon,M,98800,117300,84.2,4.4
Jan 2014-Dec 2014,00AH,Croydon,M,104400,118200,88.3,4.1
Jan 2015-Dec 2015,00AH,Croydon,M,101900,118700,85.9,4.3
Jan 2016-Dec 2016,00AH,Croydon,M,108900,121200,89.9,3.7
Jan 2017-Dec 2017,00AH,Croydon,M,104500,122200,85.5,4.2
Jan 2018-Dec 2018,00AH,Croydon,M,99400,120800,82.3,4.9
Jan 2019-Dec 2019,00AH,Croydon,M,101700,121400,83.8,4.8
Jan 2005-Dec 2005,00AJ,Ealing,M,89500,108900,82.1,4.2
Jan 2006-Dec 2006,00AJ,Ealing,M,91400,109600,83.4,4
Jan 2007-Dec 2007,00AJ,Ealing,M,90800,110600,82.1,4.4
Jan 2008-Dec 2008,00AJ,Ealing,M,92600,112100,82.6,4.7
Jan 2009-Dec 2009,00AJ,Ealing,M,95000,114100,83.3,4.4
Jan 2010-Dec 2010,00AJ,Ealing,M,94000,114800,81.9,4.8
Jan 2011-Dec 2011,00AJ,Ealing,M,97500,116900,83.4,4.8
Jan 2012-Dec 2012,00AJ,Ealing,M,98900,116500,84.9,4.2
Jan 2013-Dec 2013,00AJ,Ealing,M,98500,116300,84.7,4.5
Jan 2014-Dec 2014,00AJ,Ealing,M,97700,115300,84.8,4.5
Jan 2015-Dec 2015,00AJ,Ealing,M,99700,115100,86.6,4
Jan 2016-Dec 2016,00AJ,Ealing,M,99100,117800,84.1,4.5
Jan 2017-Dec 2017,00AJ,Ealing,M,101400,118700,85.4,4.9
Jan 2018-Dec 2018,00AJ,Ealing,M,97600,114600,85.1,5.8
Jan 2019-Dec 2019,00AJ,Ealing,M,99400,113500,87.6,5.3
Jan 2005-Dec 2005,00AK,Enfield,M,76800,90700,84.7,4.7
Jan 2006-Dec 2006,00AK,Enfield,M,76300,90800,84,4.6
Jan 2007-Dec 2007,00AK,Enfield,M,74100,92000,80.6,4.9
Jan 2008-Dec 2008,00AK,Enfield,M,79600,93800,84.9,4.1
Jan 2009-Dec 2009,00AK,Enfield,M,73700,94500,78,4.5
Jan 2010-Dec 2010,00AK,Enfield,M,75800,96100,78.9,4.5
Jan 2011-Dec 2011,00AK,Enfield,M,80400,97900,82.1,4.6
Jan 2012-Dec 2012,00AK,Enfield,M,80100,98800,81,5
Jan 2013-Dec 2013,00AK,Enfield,M,81900,100000,82,4.7
Jan 2014-Dec 2014,00AK,Enfield,M,82300,101000,81.5,5.1
Jan 2015-Dec 2015,00AK,Enfield,M,85000,102200,83.1,4.8
Jan 2016-Dec 2016,00AK,Enfield,M,84800,104600,81.1,5.3
Jan 2017-Dec 2017,00AK,Enfield,M,83500,106200,78.6,5.5
Jan 2018-Dec 2018,00AK,Enfield,M,86600,106000,81.7,5.2
Jan 2019-Dec 2019,00AK,Enfield,M,81600,107100,76.2,6.7
Jan 2005-Dec 2005,00AL,Greenwich,M,63900,76000,84.2,4.2
Jan 2006-Dec 2006,00AL,Greenwich,M,61200,77400,79,4.8
Jan 2007-Dec 2007,00AL,Greenwich,M,66700,78500,84.9,4.2
Jan 2008-Dec 2008,00AL,Greenwich,M,64500,79800,80.8,5
Jan 2009-Dec 2009,00AL,Greenwich,M,67600,81100,83.3,4.6
Jan 2010-Dec 2010,00AL,Greenwich,M,68900,83200,82.8,4.3
Jan 2011-Dec 2011,00AL,Greenwich,M,72700,85700,84.8,3.9
Jan 2012-Dec 2012,00AL,Greenwich,M,73900,87700,84.3,4.4
Jan 2013-Dec 2013,00AL,Greenwich,M,70400,88800,79.2,5.5
Jan 2014-Dec 2014,00AL,Greenwich,M,75000,90600,82.8,5
Jan 2015-Dec 2015,00AL,Greenwich,M,77700,92800,83.7,5
Jan 2016-Dec 2016,00AL,Greenwich,M,79100,92600,85.4,4.9
Jan 2017-Dec 2017,00AL,Greenwich,M,82000,95500,85.9,4.5
Jan 2018-Dec 2018,00AL,Greenwich,M,79300,97900,81,5.2
Jan 2019-Dec 2019,00AL,Greenwich,M,84300,98800,85.3,4.6
Jan 2005-Dec 2005,00AM,Hackney,M,50000,73400,68.1,5.4
Jan 2006-Dec 2006,00AM,Hackney,M,57900,75500,76.7,4.8
Jan 2007-Dec 2007,00AM,Hackney,M,61000,78300,78,4.8
Jan 2008-Dec 2008,00AM,Hackney,M,62800,81400,77.2,4.6
Jan 2009-Dec 2009,00AM,Hackney,M,68000,83600,81.3,4.3
Jan 2010-Dec 2010,00AM,Hackney,M,69500,85100,81.7,4.4
Jan 2011-Dec 2011,00AM,Hackney,M,67100,88200,76,5
Jan 2012-Dec 2012,00AM,Hackney,M,68400,89900,76.1,4.9
Jan 2013-Dec 2013,00AM,Hackney,M,72200,91500,78.9,4.9
Jan 2014-Dec 2014,00AM,Hackney,M,74000,93900,78.8,4.5
Jan 2015-Dec 2015,00AM,Hackney,M,74500,96200,77.5,5
Jan 2016-Dec 2016,00AM,Hackney,M,76300,98200,77.6,5
Jan 2017-Dec 2017,00AM,Hackney,M,82800,99900,82.8,4.8
Jan 2018-Dec 2018,00AM,Hackney,M,83100,100700,82.5,5
Jan 2019-Dec 2019,00AM,Hackney,M,81700,102300,79.8,5.6
Jan 2005-Dec 2005,00AN,Hammersmith and Fulham,M,49900,62200,80.2,4.4
Jan 2006-Dec 2006,00AN,Hammersmith and Fulham,M,50600,62700,80.7,4.5
Jan 2007-Dec 2007,00AN,Hammersmith and Fulham,M,53200,63500,83.8,4.6
Jan 2008-Dec 2008,00AN,Hammersmith and Fulham,M,52500,63400,82.8,4.7
Jan 2009-Dec 2009,00AN,Hammersmith and Fulham,M,51000,65100,78.3,5.1
Jan 2010-Dec 2010,00AN,Hammersmith and Fulham,M,52500,65500,80.2,4.8
Jan 2011-Dec 2011,00AN,Hammersmith and Fulham,M,52700,66300,79.5,4.5
Jan 2012-Dec 2012,00AN,Hammersmith and Fulham,M,55500,64200,86.4,4.2
Jan 2013-Dec 2013,00AN,Hammersmith and Fulham,M,52300,63500,82.4,4.5
Jan 2014-Dec 2014,00AN,Hammersmith and Fulham,M,55900,63000,88.7,3.9
Jan 2015-Dec 2015,00AN,Hammersmith and Fulham,M,53800,63300,85.1,4.7
Jan 2016-Dec 2016,00AN,Hammersmith and Fulham,M,55700,64700,86,4.7
Jan 2017-Dec 2017,00AN,Hammersmith and Fulham,M,54500,65300,83.5,5.4
Jan 2018-Dec 2018,00AN,Hammersmith and Fulham,M,55400,64400,86,5
Jan 2019-Dec 2019,00AN,Hammersmith and Fulham,M,56200,64400,87.3,5.3
Jan 2005-Dec 2005,00AP,Haringey,M,63100,79700,79.2,4.5
Jan 2006-Dec 2006,00AP,Haringey,M,65500,80900,81,4.6
Jan 2007-Dec 2007,00AP,Haringey,M,64100,82700,77.5,5.1
Jan 2008-Dec 2008,00AP,Haringey,M,66300,85100,78,4.9
Jan 2009-Dec 2009,00AP,Haringey,M,64900,87300,74.4,5.1
Jan 2010-Dec 2010,00AP,Haringey,M,66400,88300,75.3,5.2
Jan 2011-Dec 2011,00AP,Haringey,M,69100,89800,77,5.3
Jan 2012-Dec 2012,00AP,Haringey,M,76000,91500,83.1,4.9
Jan 2013-Dec 2013,00AP,Haringey,M,75200,93700,80.3,4.6
Jan 2014-Dec 2014,00AP,Haringey,M,78200,95200,82.2,4.6
Jan 2015-Dec 2015,00AP,Haringey,M,80500,97000,83,4.6
Jan 2016-Dec 2016,00AP,Haringey,M,81200,99300,81.8,4.6
Jan 2017-Dec 2017,00AP,Haringey,M,80200,101000,79.4,4.7
Jan 2018-Dec 2018,00AP,Haringey,M,83100,99600,83.5,4.7
Jan 2019-Dec 2019,00AP,Haringey,M,82600,100700,82,5.6
Jan 2005-Dec 2005,00AQ,Harrow,M,59400,72200,82.2,5
Jan 2006-Dec 2006,00AQ,Harrow,M,62200,73200,84.9,4.6
Jan 2007-Dec 2007,00AQ,Harrow,M,62500,74100,84.3,4.7
Jan 2008-Dec 2008,00AQ,Harrow,M,62700,75000,83.6,4.4
Jan 2009-Dec 2009,00AQ,Harrow,M,64300,76000,84.6,4.5
Jan 2010-Dec 2010,00AQ,Harrow,M,66000,77200,85.5,4.4
Jan 2011-Dec 2011,00AQ,Harrow,M,70100,78300,89.6,3.7
Jan 2012-Dec 2012,00AQ,Harrow,M,65600,78500,83.6,4.2
Jan 2013-Dec 2013,00AQ,Harrow,M,67000,78500,85.4,3.9
Jan 2014-Dec 2014,00AQ,Harrow,M,70300,79100,88.9,3.7
Jan 2015-Dec 2015,00AQ,Harrow,M,69300,79700,87,3.9
Jan 2016-Dec 2016,00AQ,Harrow,M,69800,81000,86.2,4.4
Jan 2017-Dec 2017,00AQ,Harrow,M,72700,81600,89.1,4
Jan 2018-Dec 2018,00AQ,Harrow,M,69600,79900,87.1,4.1
Jan 2019-Dec 2019,00AQ,Harrow,M,65000,80000,81.4,6.1
Jan 2005-Dec 2005,00AR,Havering,M,59600,69800,85.3,4.5
Jan 2006-Dec 2006,00AR,Havering,M,59300,70600,83.9,4.7
Jan 2007-Dec 2007,00AR,Havering,M,61900,71400,86.7,3.9
Jan 2008-Dec 2008,00AR,Havering,M,64300,72200,89.2,3.6
Jan 2009-Dec 2009,00AR,Havering,M,62700,72800,86.1,4.2
Jan 2010-Dec 2010,00AR,Havering,M,59600,73500,81.1,4.9
Jan 2011-Dec 2011,00AR,Havering,M,61700,73800,83.5,4.8
Jan 2012-Dec 2012,00AR,Havering,M,62500,73600,85,4.7
Jan 2013-Dec 2013,00AR,Havering,M,62800,73600,85.2,4.7
Jan 2014-Dec 2014,00AR,Havering,M,68100,74500,91.4,3.5
Jan 2015-Dec 2015,00AR,Havering,M,64500,75300,85.6,4.6
Jan 2016-Dec 2016,00AR,Havering,M,67900,76000,89.3,4.5
Jan 2017-Dec 2017,00AR,Havering,M,63500,76600,83,4.8
Jan 2018-Dec 2018,00AR,Havering,M,68900,78100,88.2,4
Jan 2019-Dec 2019,00AR,Havering,M,64700,78400,82.6,4.9
Jan 2005-Dec 2005,00AS,Hillingdon,M,68300,80800,84.5,4.3
Jan 2006-Dec 2006,00AS,Hillingdon,M,69300,82400,84,4.4
Jan 2007-Dec 2007,00AS,Hillingdon,M,65900,83600,78.9,5.1
Jan 2008-Dec 2008,00AS,Hillingdon,M,73900,85100,86.9,3.9
Jan 2009-Dec 2009,00AS,Hillingdon,M,70900,86500,81.9,4.8
Jan 2010-Dec 2010,00AS,Hillingdon,M,70800,87900,80.6,5
Jan 2011-Dec 2011,00AS,Hillingdon,M,76300,90400,84.4,4.2
Jan 2012-Dec 2012,00AS,Hillingdon,M,78500,92200,85.1,4.5
Jan 2013-Dec 2013,00AS,Hillingdon,M,80500,93700,86,4.3
Jan 2014-Dec 2014,00AS,Hillingdon,M,82000,95700,85.7,4.1
Jan 2015-Dec 2015,00AS,Hillingdon,M,84500,97500,86.7,4.1
Jan 2016-Dec 2016,00AS,Hillingdon,M,86200,99700,86.5,4.5
Jan 2017-Dec 2017,00AS,Hillingdon,M,86500,101200,85.4,4.4
Jan 2018-Dec 2018,00AS,Hillingdon,M,85000,100100,84.9,4.6
Jan 2019-Dec 2019,00AS,Hillingdon,M,85500,101300,84.4,5.3
Jan 2005-Dec 2005,00AT,Hounslow,M,64800,77100,84,4.2
Jan 2006-Dec 2006,00AT,Hounslow,M,69300,78500,88.3,3.6
Jan 2007-Dec 2007,00AT,Hounslow,M,66100,81000,81.5,4.7
Jan 2008-Dec 2008,00AT,Hounslow,M,71700,82500,87,4.3
Jan 2009-Dec 2009,00AT,Hounslow,M,69000,84500,81.7,4.7
Jan 2010-Dec 2010,00AT,Hounslow,M,73700,87200,84.5,4.3
Jan 2011-Dec 2011,00AT,Hounslow,M,74200,89100,83.3,4.1
Jan 2012-Dec 2012,00AT,Hounslow,M,77700,90300,86,4.2
Jan 2013-Dec 2013,00AT,Hounslow,M,81200,91200,89,3.7
Jan 2014-Dec 2014,00AT,Hounslow,M,82600,92100,89.6,3.8
Jan 2015-Dec 2015,00AT,Hounslow,M,81600,92800,88,4.1
Jan 2016-Dec 2016,00AT,Hounslow,M,84700,95800,88.4,4.7
Jan 2017-Dec 2017,00AT,Hounslow,M,87300,97200,89.8,4.4
Jan 2018-Dec 2018,00AT,Hounslow,M,86000,92900,92.5,4.5
Jan 2019-Dec 2019,00AT,Hounslow,M,79400,93300,85.1,6.2
Jan 2005-Dec 2005,00AU,Islington,M,46600,65100,71.5,5.2
Jan 2006-Dec 2006,00AU,Islington,M,52700,65600,80.3,4.5
Jan 2007-Dec 2007,00AU,Islington,M,52800,67400,78.4,4.6
Jan 2008-Dec 2008,00AU,Islington,M,53500,69100,77.4,4.6
Jan 2009-Dec 2009,00AU,Islington,M,57800,71200,81.2,4.4
Jan 2010-Dec 2010,00AU,Islington,M,55900,73100,76.5,4.7
Jan 2011-Dec 2011,00AU,Islington,M,61900,75900,81.5,4.4
Jan 2012-Dec 2012,00AU,Islington,M,57200,77800,73.4,5.5
Jan 2013-Dec 2013,00AU,Islington,M,64500,79800,80.9,4.8
Jan 2014-Dec 2014,00AU,Islington,M,65900,82200,80.2,5
Jan 2015-Dec 2015,00AU,Islington,M,70100,85200,82.3,4.8
Jan 2016-Dec 2016,00AU,Islington,M,69200,87800,78.8,5.5
Jan 2017-Dec 2017,00AU,Islington,M,78200,89800,87.1,4.3
Jan 2018-Dec 2018,00AU,Islington,M,74000,90300,82,5.3
Jan 2019-Dec 2019,00AU,Islington,M,75900,90200,84.2,5.2
Jan 2005-Dec 2005,00AW,Kensington and Chelsea,M,49800,60300,82.7,4.4
Jan 2006-Dec 2006,00AW,Kensington and Chelsea,M,46800,58900,79.5,4.9
Jan 2007-Dec 2007,00AW,Kensington and Chelsea,M,45600,58100,78.5,5.3
Jan 2008-Dec 2008,00AW,Kensington and Chelsea,M,44900,58500,76.7,5.4
Jan 2009-Dec 2009,00AW,Kensington and Chelsea,M,44400,58000,76.6,5.6
Jan 2010-Dec 2010,00AW,Kensington and Chelsea,M,43900,57100,76.9,5.2
Jan 2011-Dec 2011,00AW,Kensington and Chelsea,M,45500,56300,80.9,4.6
Jan 2012-Dec 2012,00AW,Kensington and Chelsea,M,44200,54200,81.5,4.5
Jan 2013-Dec 2013,00AW,Kensington and Chelsea,M,43800,53800,81.3,4.5
Jan 2014-Dec 2014,00AW,Kensington and Chelsea,M,43900,53700,81.8,4.3
Jan 2015-Dec 2015,00AW,Kensington and Chelsea,M,43000,54300,79.2,4.6
Jan 2016-Dec 2016,00AW,Kensington and Chelsea,M,43200,54300,79.7,5.2
Jan 2017-Dec 2017,00AW,Kensington and Chelsea,M,42500,53900,78.9,5.9
Jan 2018-Dec 2018,00AW,Kensington and Chelsea,M,36700,53500,68.6,6.5
Jan 2019-Dec 2019,00AW,Kensington and Chelsea,M,38900,53300,73,6.8
Jan 2005-Dec 2005,00AX,Kingston upon Thames,M,41800,52700,79.4,4.9
Jan 2006-Dec 2006,00AX,Kingston upon Thames,M,44400,53100,83.6,4.4
Jan 2007-Dec 2007,00AX,Kingston upon Thames,M,43900,52900,83,4.8
Jan 2008-Dec 2008,00AX,Kingston upon Thames,M,44200,53200,83.1,4.8
Jan 2009-Dec 2009,00AX,Kingston upon Thames,M,44300,53400,83,4.7
Jan 2010-Dec 2010,00AX,Kingston upon Thames,M,44100,53400,82.5,5
Jan 2011-Dec 2011,00AX,Kingston upon Thames,M,42300,53800,78.7,5.1
Jan 2012-Dec 2012,00AX,Kingston upon Thames,M,43800,54700,80.1,4.9
Jan 2013-Dec 2013,00AX,Kingston upon Thames,M,44500,55500,80.2,4.9
Jan 2014-Dec 2014,00AX,Kingston upon Thames,M,48300,56400,85.7,4.5
Jan 2015-Dec 2015,00AX,Kingston upon Thames,M,48600,57700,84.2,4.7
Jan 2016-Dec 2016,00AX,Kingston upon Thames,M,49000,58600,83.6,5.1
Jan 2017-Dec 2017,00AX,Kingston upon Thames,M,49900,59500,83.8,5.1
Jan 2018-Dec 2018,00AX,Kingston upon Thames,M,51800,59600,87,4.8
Jan 2019-Dec 2019,00AX,Kingston upon Thames,M,50800,59100,85.9,5
Jan 2005-Dec 2005,00AY,Lambeth,M,79500,102000,77.9,5
Jan 2006-Dec 2006,00AY,Lambeth,M,84100,103300,81.4,4.7
Jan 2007-Dec 2007,00AY,Lambeth,M,87400,106100,82.4,4.3
Jan 2008-Dec 2008,00AY,Lambeth,M,85800,107200,80,4.6
Jan 2009-Dec 2009,00AY,Lambeth,M,93200,108800,85.7,4.3
Jan 2010-Dec 2010,00AY,Lambeth,M,95100,109700,86.6,4.2
Jan 2011-Dec 2011,00AY,Lambeth,M,97600,112600,86.7,4.1
Jan 2012-Dec 2012,00AY,Lambeth,M,100800,115000,87.6,4.3
Jan 2013-Dec 2013,00AY,Lambeth,M,102200,116600,87.7,4.3
Jan 2014-Dec 2014,00AY,Lambeth,M,107600,118700,90.7,3.9
Jan 2015-Dec 2015,00AY,Lambeth,M,107500,121300,88.7,4.3
Jan 2016-Dec 2016,00AY,Lambeth,M,104700,123800,84.6,5.6
Jan 2017-Dec 2017,00AY,Lambeth,M,108900,125500,86.8,5.2
Jan 2018-Dec 2018,00AY,Lambeth,M,104900,123300,85,4.8
Jan 2019-Dec 2019,00AY,Lambeth,M,107100,123600,86.7,4.5
Jan 2005-Dec 2005,00AZ,Lewisham,M,74500,87100,85.6,4.2
Jan 2006-Dec 2006,00AZ,Lewisham,M,71800,87300,82.2,4.6
Jan 2007-Dec 2007,00AZ,Lewisham,M,71400,89500,79.8,4.6
Jan 2008-Dec 2008,00AZ,Lewisham,M,76000,91400,83.1,4.3
Jan 2009-Dec 2009,00AZ,Lewisham,M,77800,92500,84.1,4.7
Jan 2010-Dec 2010,00AZ,Lewisham,M,75500,93000,81.2,5.4
Jan 2011-Dec 2011,00AZ,Lewisham,M,76400,94700,80.7,5.1
Jan 2012-Dec 2012,00AZ,Lewisham,M,79000,96200,82.1,4.9
Jan 2013-Dec 2013,00AZ,Lewisham,M,84900,97400,87.2,4
Jan 2014-Dec 2014,00AZ,Lewisham,M,84100,100100,84.1,4.4
Jan 2015-Dec 2015,00AZ,Lewisham,M,86100,102300,84.2,4.8
Jan 2016-Dec 2016,00AZ,Lewisham,M,91800,105800,86.8,4.5
Jan 2017-Dec 2017,00AZ,Lewisham,M,95900,106200,90.3,4
Jan 2018-Dec 2018,00AZ,Lewisham,M,96300,105200,91.5,3.8
Jan 2019-Dec 2019,00AZ,Lewisham,M,93400,107100,87.2,4.5
Jan 2005-Dec 2005,00BA,Merton,M,54400,65100,83.5,4.8
Jan 2006-Dec 2006,00BA,Merton,M,56400,65900,85.6,4.1
Jan 2007-Dec 2007,00BA,Merton,M,59200,66500,89,3.8
Jan 2008-Dec 2008,00BA,Merton,M,61900,67200,92.1,3.6
Jan 2009-Dec 2009,00BA,Merton,M,59000,67900,86.8,4.1
Jan 2010-Dec 2010,00BA,Merton,M,59100,67800,87.2,3.7
Jan 2011-Dec 2011,00BA,Merton,M,58500,68300,85.6,4.1
Jan 2012-Dec 2012,00BA,Merton,M,59100,68200,86.7,3.9
Jan 2013-Dec 2013,00BA,Merton,M,60100,67900,88.5,4
Jan 2014-Dec 2014,00BA,Merton,M,59000,67500,87.3,4.3
Jan 2015-Dec 2015,00BA,Merton,M,60300,67500,89.2,3.9
Jan 2016-Dec 2016,00BA,Merton,M,61000,69000,88.4,4.4
Jan 2017-Dec 2017,00BA,Merton,M,58600,69600,84.2,5.4
Jan 2018-Dec 2018,00BA,Merton,M,61900,68600,90.2,4.3
Jan 2019-Dec 2019,00BA,Merton,M,61800,68700,90,3.9
Jan 2005-Dec 2005,00BB,Newham,M,64200,87600,73.2,4.9
Jan 2006-Dec 2006,00BB,Newham,M,70400,90200,78,4.5
Jan 2007-Dec 2007,00BB,Newham,M,71300,94000,75.8,4.8
Jan 2008-Dec 2008,00BB,Newham,M,78100,98400,79.4,4.6
Jan 2009-Dec 2009,00BB,Newham,M,76100,103100,73.8,4.9
Jan 2010-Dec 2010,00BB,Newham,M,84000,110300,76.1,4.6
Jan 2011-Dec 2011,00BB,Newham,M,88700,116800,75.9,4.4
Jan 2012-Dec 2012,00BB,Newham,M,98000,117300,83.6,4.1
Jan 2013-Dec 2013,00BB,Newham,M,95400,118000,80.8,4.3
Jan 2014-Dec 2014,00BB,Newham,M,93200,121100,77,4.7
Jan 2015-Dec 2015,00BB,Newham,M,101300,124500,81.4,4.2
Jan 2016-Dec 2016,00BB,Newham,M,109300,127700,85.6,4.1
Jan 2017-Dec 2017,00BB,Newham,M,110400,130100,84.9,4.6
Jan 2018-Dec 2018,00BB,Newham,M,110600,134800,82.1,5.5
Jan 2019-Dec 2019,00BB,Newham,M,109800,136400,80.5,5.7
Jan 2005-Dec 2005,00BC,Redbridge,M,64300,81600,78.8,5
Jan 2006-Dec 2006,00BC,Redbridge,M,68300,82900,82.4,4.8
Jan 2007-Dec 2007,00BC,Redbridge,M,68500,84500,81,5
Jan 2008-Dec 2008,00BC,Redbridge,M,70200,86500,81.1,4.7
Jan 2009-Dec 2009,00BC,Redbridge,M,72100,88100,81.8,4.8
Jan 2010-Dec 2010,00BC,Redbridge,M,72800,89400,81.5,4.4
Jan 2011-Dec 2011,00BC,Redbridge,M,75800,91800,82.5,4.2
Jan 2012-Dec 2012,00BC,Redbridge,M,72900,92100,79.2,4.6
Jan 2013-Dec 2013,00BC,Redbridge,M,78000,92800,84,4.2
Jan 2014-Dec 2014,00BC,Redbridge,M,78500,94600,83,4.3
Jan 2015-Dec 2015,00BC,Redbridge,M,80300,95900,83.7,4.3
Jan 2016-Dec 2016,00BC,Redbridge,M,86400,97700,88.5,3.7
Jan 2017-Dec 2017,00BC,Redbridge,M,85200,99000,86,3.9
Jan 2018-Dec 2018,00BC,Redbridge,M,84500,100500,84,4.2
Jan 2019-Dec 2019,00BC,Redbridge,M,88400,102900,85.8,4.6
Jan 2005-Dec 2005,00BD,Richmond upon Thames,M,50400,61100,82.6,4.4
Jan 2006-Dec 2006,00BD,Richmond upon Thames,M,52500,61900,84.7,4.1
Jan 2007-Dec 2007,00BD,Richmond upon Thames,M,55100,61300,90,3.6
Jan 2008-Dec 2008,00BD,Richmond upon Thames,M,53400,61200,87.2,4.1
Jan 2009-Dec 2009,00BD,Richmond upon Thames,M,52700,61000,86.3,4.4
Jan 2010-Dec 2010,00BD,Richmond upon Thames,M,54300,61100,88.8,3.9
Jan 2011-Dec 2011,00BD,Richmond upon Thames,M,48100,61000,78.9,5.4
Jan 2012-Dec 2012,00BD,Richmond upon Thames,M,51100,60500,84.4,4.8
Jan 2013-Dec 2013,00BD,Richmond upon Thames,M,53400,60600,88.2,3.9
Jan 2014-Dec 2014,00BD,Richmond upon Thames,M,54600,60800,89.8,3.8
Jan 2015-Dec 2015,00BD,Richmond upon Thames,M,51300,60900,84.2,4.8
Jan 2016-Dec 2016,00BD,Richmond upon Thames,M,52600,62100,84.8,5
Jan 2017-Dec 2017,00BD,Richmond upon Thames,M,51800,62700,82.7,5.2
Jan 2018-Dec 2018,00BD,Richmond upon Thames,M,52200,61100,85.5,5
Jan 2019-Dec 2019,00BD,Richmond upon Thames,M,53400,61400,87,5.1
Jan 2005-Dec 2005,00BE,Southwark,M,74400,93300,79.8,4.9
Jan 2006-Dec 2006,00BE,Southwark,M,79200,96400,82.2,4.6
Jan 2007-Dec 2007,00BE,Southwark,M,77800,97900,79.5,4.8
Jan 2008-Dec 2008,00BE,Southwark,M,82700,100400,82.3,4.1
Jan 2009-Dec 2009,00BE,Southwark,M,85100,101800,83.6,4.7
Jan 2010-Dec 2010,00BE,Southwark,M,85800,103100,83.3,4.8
Jan 2011-Dec 2011,00BE,Southwark,M,82800,105200,78.7,4.8
Jan 2012-Dec 2012,00BE,Southwark,M,89600,106700,84,4.4
Jan 2013-Dec 2013,00BE,Southwark,M,88100,108700,81.1,4.4
Jan 2014-Dec 2014,00BE,Southwark,M,92600,110000,84.2,4
Jan 2015-Dec 2015,00BE,Southwark,M,96500,112700,85.7,3.9
Jan 2016-Dec 2016,00BE,Southwark,M,96800,115000,84.2,4.5
Jan 2017-Dec 2017,00BE,Southwark,M,105200,117000,89.9,3.8
Jan 2018-Dec 2018,00BE,Southwark,M,100500,116700,86.1,4.5
Jan 2019-Dec 2019,00BE,Southwark,M,99000,118400,83.6,4.9
Jan 2005-Dec 2005,00BF,Sutton,M,52200,58700,88.8,4
Jan 2006-Dec 2006,00BF,Sutton,M,52300,59100,88.5,4.4
Jan 2007-Dec 2007,00BF,Sutton,M,51500,59300,86.9,4.6
Jan 2008-Dec 2008,00BF,Sutton,M,50900,60000,84.8,4.7
Jan 2009-Dec 2009,00BF,Sutton,M,53600,60600,88.5,4.2
Jan 2010-Dec 2010,00BF,Sutton,M,54600,60900,89.7,3.6
Jan 2011-Dec 2011,00BF,Sutton,M,54800,61300,89.3,3.9
Jan 2012-Dec 2012,00BF,Sutton,M,54400,61400,88.6,4.2
Jan 2013-Dec 2013,00BF,Sutton,M,55000,61900,88.9,4.5
Jan 2014-Dec 2014,00BF,Sutton,M,56000,62400,89.8,4.4
Jan 2015-Dec 2015,00BF,Sutton,M,55500,62700,88.6,4.5
Jan 2016-Dec 2016,00BF,Sutton,M,56700,63600,89.1,4.2
Jan 2017-Dec 2017,00BF,Sutton,M,57200,64200,89.1,4.2
Jan 2018-Dec 2018,00BF,Sutton,M,57200,63800,89.6,4.1
Jan 2019-Dec 2019,00BF,Sutton,M,55900,64200,87.1,4.3
Jan 2005-Dec 2005,00BG,Tower Hamlets,M,63100,77500,81.4,4.2
Jan 2006-Dec 2006,00BG,Tower Hamlets,M,58500,79700,73.4,4.9
Jan 2007-Dec 2007,00BG,Tower Hamlets,M,62800,83600,75.1,5
Jan 2008-Dec 2008,00BG,Tower Hamlets,M,71600,87600,81.8,4.2
Jan 2009-Dec 2009,00BG,Tower Hamlets,M,75100,91400,82.2,4.4
Jan 2010-Dec 2010,00BG,Tower Hamlets,M,78900,94900,83.1,4.1
Jan 2011-Dec 2011,00BG,Tower Hamlets,M,80000,98700,81,4.1
Jan 2012-Dec 2012,00BG,Tower Hamlets,M,82700,100600,82.2,4.1
Jan 2013-Dec 2013,00BG,Tower Hamlets,M,86900,104200,83.4,4.1
Jan 2014-Dec 2014,00BG,Tower Hamlets,M,94200,109200,86.3,3.9
Jan 2015-Dec 2015,00BG,Tower Hamlets,M,99600,114300,87.1,3.8
Jan 2016-Dec 2016,00BG,Tower Hamlets,M,100600,117700,85.5,4.6
Jan 2017-Dec 2017,00BG,Tower Hamlets,M,96200,120900,79.5,5.2
Jan 2018-Dec 2018,00BG,Tower Hamlets,M,106600,122900,86.7,4.9
Jan 2019-Dec 2019,00BG,Tower Hamlets,M,110100,125500,87.7,4.6
Jan 2005-Dec 2005,00BH,Waltham Forest,M,62900,76200,82.6,4.3
Jan 2006-Dec 2006,00BH,Waltham Forest,M,59500,77800,76.5,5.1
Jan 2007-Dec 2007,00BH,Waltham Forest,M,63800,79800,80,5.1
Jan 2008-Dec 2008,00BH,Waltham Forest,M,66800,82500,81,4.8
Jan 2009-Dec 2009,00BH,Waltham Forest,M,68300,84700,80.6,5
Jan 2010-Dec 2010,00BH,Waltham Forest,M,70600,87500,80.7,4.5
Jan 2011-Dec 2011,00BH,Waltham Forest,M,76600,89800,85.3,4
Jan 2012-Dec 2012,00BH,Waltham Forest,M,76900,90000,85.4,4.3
Jan 2013-Dec 2013,00BH,Waltham Forest,M,77700,90600,85.7,4.5
Jan 2014-Dec 2014,00BH,Waltham Forest,M,75000,90800,82.6,5.1
Jan 2015-Dec 2015,00BH,Waltham Forest,M,77100,92300,83.5,5.6
Jan 2016-Dec 2016,00BH,Waltham Forest,M,83500,94300,88.5,4.7
Jan 2017-Dec 2017,00BH,Waltham Forest,M,84100,95600,88,4.3
Jan 2018-Dec 2018,00BH,Waltham Forest,M,80700,95200,84.8,5.1
Jan 2019-Dec 2019,00BH,Waltham Forest,M,82000,96000,85.5,5.4
Jan 2005-Dec 2005,00BJ,Wandsworth,M,84000,101900,82.4,4.9
Jan 2006-Dec 2006,00BJ,Wandsworth,M,88000,103900,84.7,4.7
Jan 2007-Dec 2007,00BJ,Wandsworth,M,87900,105300,83.5,5
Jan 2008-Dec 2008,00BJ,Wandsworth,M,91800,106300,86.3,4.5
Jan 2009-Dec 2009,00BJ,Wandsworth,M,96100,107600,89.4,4
Jan 2010-Dec 2010,00BJ,Wandsworth,M,93100,108200,86,4.5
Jan 2011-Dec 2011,00BJ,Wandsworth,M,96300,109600,87.8,4.4
Jan 2012-Dec 2012,00BJ,Wandsworth,M,94200,107900,87.2,4.2
Jan 2013-Dec 2013,00BJ,Wandsworth,M,96200,108000,89.1,4.2
Jan 2014-Dec 2014,00BJ,Wandsworth,M,94600,107700,87.9,4.2
Jan 2015-Dec 2015,00BJ,Wandsworth,M,98100,108000,90.9,3.7
Jan 2016-Dec 2016,00BJ,Wandsworth,M,98900,109100,90.7,4.1
Jan 2017-Dec 2017,00BJ,Wandsworth,M,92000,109900,83.7,5.2
Jan 2018-Dec 2018,00BJ,Wandsworth,M,98200,111000,88.5,4.4
Jan 2019-Dec 2019,00BJ,Wandsworth,M,95900,111400,86.1,5
Jan 2005-Dec 2005,00BK,Westminster,M,62800,81500,77.1,4.7
Jan 2006-Dec 2006,00BK,Westminster,M,61300,83600,73.3,5.1
Jan 2007-Dec 2007,00BK,Westminster,M,64400,83900,76.8,4.5
Jan 2008-Dec 2008,00BK,Westminster,M,61600,79700,77.3,4.5
Jan 2009-Dec 2009,00BK,Westminster,M,65200,79000,82.5,4.7
Jan 2010-Dec 2010,00BK,Westminster,M,61600,81400,75.7,5.7
Jan 2011-Dec 2011,00BK,Westminster,M,64000,83500,76.6,4.8
Jan 2012-Dec 2012,00BK,Westminster,M,65300,84100,77.7,4.5
Jan 2013-Dec 2013,00BK,Westminster,M,68900,87200,79,4.4
Jan 2014-Dec 2014,00BK,Westminster,M,70300,88900,79,4.3
Jan 2015-Dec 2015,00BK,Westminster,M,70600,91900,76.9,5.1
Jan 2016-Dec 2016,00BK,Westminster,M,74800,91800,81.5,4.6
Jan 2017-Dec 2017,00BK,Westminster,M,71600,91500,78.2,5.4
Jan 2018-Dec 2018,00BK,Westminster,M,71100,90400,78.7,5.9
Jan 2019-Dec 2019,00BK,Westminster,M,73000,89700,81.3,6.2
Jan 2005-Dec 2005,A,North East,M,633800,803000,78.9,0.8
Jan 2006-Dec 2006,A,North East,M,647800,807800,80.2,1
Jan 2007-Dec 2007,A,North East,M,649800,813700,79.9,1
Jan 2008-Dec 2008,A,North East,M,649500,817400,79.5,1
Jan 2009-Dec 2009,A,North East,M,643100,818800,78.5,1
Jan 2010-Dec 2010,A,North East,M,648700,821900,78.9,1
Jan 2011-Dec 2011,A,North East,M,647000,822900,78.6,1.1
Jan 2012-Dec 2012,A,North East,M,655000,817900,80.1,1
Jan 2013-Dec 2013,A,North East,M,644700,816400,79,1
Jan 2014-Dec 2014,A,North East,M,644300,814300,79.1,1
Jan 2015-Dec 2015,A,North East,M,649200,813300,79.8,1.1
Jan 2016-Dec 2016,A,North East,M,657500,814100,80.8,1.1
Jan 2017-Dec 2017,A,North East,M,645000,813000,79.3,1.1
Jan 2018-Dec 2018,A,North East,M,642400,810300,79.3,1.1
Jan 2019-Dec 2019,A,North East,M,633900,808300,78.4,1.2
Jan 2005-Dec 2005,B,North West,M,1755000,2173800,80.7,0.6
Jan 2006-Dec 2006,B,North West,M,1769400,2193000,80.7,0.7
Jan 2007-Dec 2007,B,North West,M,1785100,2209000,80.8,0.7
Jan 2008-Dec 2008,B,North West,M,1779300,2220000,80.1,0.7
Jan 2009-Dec 2009,B,North West,M,1797200,2227100,80.7,0.7
Jan 2010-Dec 2010,B,North West,M,1805600,2236100,80.8,0.7
Jan 2011-Dec 2011,B,North West,M,1801800,2244400,80.3,0.7
Jan 2012-Dec 2012,B,North West,M,1798800,2233900,80.5,0.7
Jan 2013-Dec 2013,B,North West,M,1785800,2226000,80.2,0.7
Jan 2014-Dec 2014,B,North West,M,1771900,2222300,79.7,0.7
Jan 2015-Dec 2015,B,North West,M,1790900,2227100,80.4,0.8
Jan 2016-Dec 2016,B,North West,M,1779300,2225300,80,0.8
Jan 2017-Dec 2017,B,North West,M,1813200,2225600,81.5,0.8
Jan 2018-Dec 2018,B,North West,M,1827600,2234700,81.8,0.8
Jan 2019-Dec 2019,B,North West,M,1838500,2233100,82.3,0.8
Jan 2005-Dec 2005,D,Yorkshire and The Humber,M,1348900,1623700,83.1,0.8
Jan 2006-Dec 2006,D,Yorkshire and The Humber,M,1362800,1636900,83.3,0.8
Jan 2007-Dec 2007,D,Yorkshire and The Humber,M,1357200,1650300,82.2,0.8
Jan 2008-Dec 2008,D,Yorkshire and The Humber,M,1373000,1662800,82.6,0.8
Jan 2009-Dec 2009,D,Yorkshire and The Humber,M,1361200,1666700,81.7,0.9
Jan 2010-Dec 2010,D,Yorkshire and The Humber,M,1353900,1674100,80.9,0.9
Jan 2011-Dec 2011,D,Yorkshire and The Humber,M,1361200,1682400,80.9,0.9
Jan 2012-Dec 2012,D,Yorkshire and The Humber,M,1378800,1679300,82.1,0.9
Jan 2013-Dec 2013,D,Yorkshire and The Humber,M,1388400,1676400,82.8,0.9
Jan 2014-Dec 2014,D,Yorkshire and The Humber,M,1363800,1673200,81.5,0.9
Jan 2015-Dec 2015,D,Yorkshire and The Humber,M,1385900,1678300,82.6,0.9
Jan 2016-Dec 2016,D,Yorkshire and The Humber,M,1371600,1682100,81.5,0.9
Jan 2017-Dec 2017,D,Yorkshire and The Humber,M,1394500,1684000,82.8,0.9
Jan 2018-Dec 2018,D,Yorkshire and The Humber,M,1377800,1684400,81.8,1
Jan 2019-Dec 2019,D,Yorkshire and The Humber,M,1382100,1684000,82.1,1
Jan 2005-Dec 2005,E,East Midlands,M,1160700,1381000,84.1,0.7
Jan 2006-Dec 2006,E,East Midlands,M,1185200,1397500,84.8,0.9
Jan 2007-Dec 2007,E,East Midlands,M,1185800,1411300,84,1
Jan 2008-Dec 2008,E,East Midlands,M,1200900,1419900,84.6,1
Jan 2009-Dec 2009,E,East Midlands,M,1198000,1424100,84.1,1
Jan 2010-Dec 2010,E,East Midlands,M,1178300,1431400,82.3,1.1
Jan 2011-Dec 2011,E,East Midlands,M,1200200,1436000,83.6,1.1
Jan 2012-Dec 2012,E,East Midlands,M,1190600,1431900,83.2,1.1
Jan 2013-Dec 2013,E,East Midlands,M,1194900,1432300,83.4,1.1
Jan 2014-Dec 2014,E,East Midlands,M,1199700,1438200,83.4,1.1
Jan 2015-Dec 2015,E,East Midlands,M,1200500,1444900,83.1,1.1
Jan 2016-Dec 2016,E,East Midlands,M,1201200,1447900,83,1.1
Jan 2017-Dec 2017,E,East Midlands,M,1203300,1450900,82.9,1.2
Jan 2018-Dec 2018,E,East Midlands,M,1213800,1461700,83,1.2
Jan 2019-Dec 2019,E,East Midlands,M,1228100,1463500,83.9,1.2
Jan 2005-Dec 2005,F,West Midlands,M,1407500,1697200,82.9,0.7
Jan 2006-Dec 2006,F,West Midlands,M,1420200,1712700,82.9,0.8
Jan 2007-Dec 2007,F,West Midlands,M,1425600,1725800,82.6,0.8
Jan 2008-Dec 2008,F,West Midlands,M,1433000,1737800,82.5,0.8
Jan 2009-Dec 2009,F,West Midlands,M,1433300,1740900,82.3,0.8
Jan 2010-Dec 2010,F,West Midlands,M,1419600,1749100,81.2,0.9
Jan 2011-Dec 2011,F,West Midlands,M,1431100,1760400,81.3,0.9
Jan 2012-Dec 2012,F,West Midlands,M,1434400,1758600,81.6,0.9
Jan 2013-Dec 2013,F,West Midlands,M,1448400,1760500,82.3,0.9
Jan 2014-Dec 2014,F,West Midlands,M,1434000,1765800,81.2,0.9
Jan 2015-Dec 2015,F,West Midlands,M,1441900,1773000,81.3,0.9
Jan 2016-Dec 2016,F,West Midlands,M,1469900,1780300,82.6,0.9
Jan 2017-Dec 2017,F,West Midlands,M,1463300,1785000,82,0.9
Jan 2018-Dec 2018,F,West Midlands,M,1483100,1800900,82.4,0.9
Jan 2019-Dec 2019,F,West Midlands,M,1501300,1806300,83.1,0.9
Jan 2005-Dec 2005,G,East,M,1515600,1741700,87,0.6
Jan 2006-Dec 2006,G,East,M,1524100,1761700,86.5,0.8
Jan 2007-Dec 2007,G,East,M,1532900,1778300,86.2,0.8
Jan 2008-Dec 2008,G,East,M,1539000,1792300,85.9,0.8
Jan 2009-Dec 2009,G,East,M,1553300,1800200,86.3,0.8
Jan 2010-Dec 2010,G,East,M,1557500,1814700,85.8,0.9
Jan 2011-Dec 2011,G,East,M,1561200,1827400,85.4,0.9
Jan 2012-Dec 2012,G,East,M,1558100,1821300,85.6,0.9
Jan 2013-Dec 2013,G,East,M,1572600,1822900,86.3,0.9
Jan 2014-Dec 2014,G,East,M,1583600,1834100,86.3,0.9
Jan 2015-Dec 2015,G,East,M,1594900,1845400,86.4,0.9
Jan 2016-Dec 2016,G,East,M,1586500,1854600,85.5,0.9
Jan 2017-Dec 2017,G,East,M,1597100,1863500,85.7,0.9
Jan 2018-Dec 2018,G,East,M,1598700,1866700,85.6,1
Jan 2019-Dec 2019,G,East,M,1597400,1873200,85.3,1
Jan 2005-Dec 2005,H,London,M,2066500,2539800,81.4,0.8
Jan 2006-Dec 2006,H,London,M,2108300,2572100,82,0.8
Jan 2007-Dec 2007,H,London,M,2135500,2611500,81.8,0.8
Jan 2008-Dec 2008,H,London,M,2198600,2657000,82.7,0.8
Jan 2009-Dec 2009,H,London,M,2227600,2700700,82.5,0.8
Jan 2010-Dec 2010,H,London,M,2248600,2742500,82,0.8
Jan 2011-Dec 2011,H,London,M,2292300,2800200,81.9,0.8
Jan 2012-Dec 2012,H,London,M,2343300,2818600,83.1,0.8
Jan 2013-Dec 2013,H,London,M,2387800,2848800,83.8,0.8
Jan 2014-Dec 2014,H,London,M,2437100,2888800,84.4,0.8
Jan 2015-Dec 2015,H,London,M,2482400,2938200,84.5,0.8
Jan 2016-Dec 2016,H,London,M,2545700,2998300,84.9,0.8
Jan 2017-Dec 2017,H,London,M,2568600,3041100,84.5,0.8
Jan 2018-Dec 2018,H,London,M,2567000,3033100,84.6,0.9
Jan 2019-Dec 2019,H,London,M,2570000,3060300,84,0.9
Jan 2005-Dec 2005,J,South East,M,2242700,2575300,87.1,0.5
Jan 2006-Dec 2006,J,South East,M,2272300,2604400,87.2,0.6
Jan 2007-Dec 2007,J,South East,M,2287800,2632000,86.9,0.6
Jan 2008-Dec 2008,J,South East,M,2303000,2653900,86.8,0.6
Jan 2009-Dec 2009,J,South East,M,2304100,2665000,86.5,0.7
Jan 2010-Dec 2010,J,South East,M,2306200,2686100,85.9,0.7
Jan 2011-Dec 2011,J,South East,M,2300500,2700200,85.2,0.7
Jan 2012-Dec 2012,J,South East,M,2309700,2695800,85.7,0.7
Jan 2013-Dec 2013,J,South East,M,2316300,2699100,85.8,0.7
Jan 2014-Dec 2014,J,South East,M,2293700,2711200,84.6,0.7
Jan 2015-Dec 2015,J,South East,M,2321600,2727700,85.1,0.7
Jan 2016-Dec 2016,J,South East,M,2363100,2741000,86.2,0.7
Jan 2017-Dec 2017,J,South East,M,2375600,2753600,86.3,0.7
Jan 2018-Dec 2018,J,South East,M,2357000,2762500,85.3,0.7
Jan 2019-Dec 2019,J,South East,M,2370900,2770600,85.6,0.7
Jan 2005-Dec 2005,K,South West,M,1335500,1568300,85.2,0.6
Jan 2006-Dec 2006,K,South West,M,1343500,1583700,84.8,0.8
Jan 2007-Dec 2007,K,South West,M,1363200,1604000,85,0.8
Jan 2008-Dec 2008,K,South West,M,1372400,1611200,85.2,0.8
Jan 2009-Dec 2009,K,South West,M,1371900,1611400,85.1,0.8
Jan 2010-Dec 2010,K,South West,M,1366300,1617600,84.5,0.9
Jan 2011-Dec 2011,K,South West,M,1363500,1624400,83.9,0.9
Jan 2012-Dec 2012,K,South West,M,1360900,1620200,84,0.9
Jan 2013-Dec 2013,K,South West,M,1369100,1621700,84.4,0.9
Jan 2014-Dec 2014,K,South West,M,1380200,1625600,84.9,0.8
Jan 2015-Dec 2015,K,South West,M,1402800,1634000,85.9,0.8
Jan 2016-Dec 2016,K,South West,M,1390500,1640000,84.8,0.9
Jan 2017-Dec 2017,K,South West,M,1407600,1644200,85.6,0.8
Jan 2018-Dec 2018,K,South West,M,1398900,1648600,84.8,0.9
Jan 2019-Dec 2019,K,South West,M,1407000,1653300,85.1,0.9
Jan 2005-Dec 2005,921,England,M,13466300,16103700,83.6,0.2
Jan 2006-Dec 2006,921,England,M,13633400,16269800,83.8,0.3
Jan 2007-Dec 2007,921,England,M,13722900,16435900,83.5,0.3
Jan 2008-Dec 2008,921,England,M,13848700,16572400,83.6,0.3
Jan 2009-Dec 2009,921,England,M,13889800,16654900,83.4,0.3
Jan 2010-Dec 2010,921,England,M,13884700,16773400,82.8,0.3
Jan 2011-Dec 2011,921,England,M,13958900,16898400,82.6,0.3
Jan 2012-Dec 2012,921,England,M,14029600,16877500,83.1,0.3
Jan 2013-Dec 2013,921,England,M,14107800,16904300,83.5,0.3
Jan 2014-Dec 2014,921,England,M,14108400,16973500,83.1,0.3
Jan 2015-Dec 2015,921,England,M,14270200,17082000,83.5,0.3
Jan 2016-Dec 2016,921,England,M,14365300,17183700,83.6,0.3
Jan 2017-Dec 2017,921,England,M,14468100,17260800,83.8,0.3
Jan 2018-Dec 2018,921,England,M,14466300,17302900,83.6,0.3
Jan 2019-Dec 2019,921,England,M,14529200,17352600,83.7,0.3
Jan 2005-Dec 2005,924,Wales,M,732500,924900,79.2,0.7
Jan 2006-Dec 2006,924,Wales,M,737100,931800,79.1,0.7
Jan 2007-Dec 2007,924,Wales,M,745700,941700,79.2,0.8
Jan 2008-Dec 2008,924,Wales,M,745600,947800,78.7,0.8
Jan 2009-Dec 2009,924,Wales,M,747900,951500,78.6,0.8
Jan 2010-Dec 2010,924,Wales,M,747800,953800,78.4,0.8
Jan 2011-Dec 2011,924,Wales,M,746700,956600,78.1,0.8
Jan 2012-Dec 2012,924,Wales,M,751200,951900,78.9,0.8
Jan 2013-Dec 2013,924,Wales,M,755600,949600,79.6,0.8
Jan 2014-Dec 2014,924,Wales,M,748000,948000,78.9,0.8
Jan 2015-Dec 2015,924,Wales,M,750500,946000,79.3,0.8
Jan 2016-Dec 2016,924,Wales,M,739900,946000,78.2,0.9
Jan 2017-Dec 2017,924,Wales,M,752800,945200,79.6,0.8
Jan 2018-Dec 2018,924,Wales,M,770400,951700,81,0.8
Jan 2019-Dec 2019,924,Wales,M,768400,951400,80.8,0.9
Jan 2005-Dec 2005,923,Scotland,M,1339000,1614500,82.9,0.6
Jan 2006-Dec 2006,923,Scotland,M,1359700,1625600,83.6,0.6
Jan 2007-Dec 2007,923,Scotland,M,1370100,1640100,83.5,0.6
Jan 2008-Dec 2008,923,Scotland,M,1374700,1650700,83.3,0.6
Jan 2009-Dec 2009,923,Scotland,M,1373000,1657500,82.8,0.6
Jan 2010-Dec 2010,923,Scotland,M,1371100,1665600,82.3,0.6
Jan 2011-Dec 2011,923,Scotland,M,1379200,1678000,82.2,0.7
Jan 2012-Dec 2012,923,Scotland,M,1368800,1670100,82,0.7
Jan 2013-Dec 2013,923,Scotland,M,1362000,1668800,81.6,0.7
Jan 2014-Dec 2014,923,Scotland,M,1369000,1667200,82.1,0.7
Jan 2015-Dec 2015,923,Scotland,M,1364800,1671500,81.6,0.7
Jan 2016-Dec 2016,923,Scotland,M,1353400,1667500,81.2,0.8
Jan 2017-Dec 2017,923,Scotland,M,1359900,1666200,81.6,0.8
Jan 2018-Dec 2018,923,Scotland,M,1374400,1681100,81.8,0.8
Jan 2019-Dec 2019,923,Scotland,M,1363700,1680700,81.1,0.8
Jan 2005-Dec 2005,922,Northern Ireland,M,429600,546200,78.6,1.7
Jan 2006-Dec 2006,922,Northern Ireland,M,431900,553100,78.1,1.7
Jan 2007-Dec 2007,922,Northern Ireland,M,440200,560100,78.6,1.7
Jan 2008-Dec 2008,922,Northern Ireland,M,441900,565600,78.1,1.7
Jan 2009-Dec 2009,922,Northern Ireland,M,436800,569100,76.8,1.8
Jan 2010-Dec 2010,922,Northern Ireland,M,446800,571500,78.2,1.8
Jan 2011-Dec 2011,922,Northern Ireland,M,451800,572700,78.9,1.8
Jan 2012-Dec 2012,922,Northern Ireland,M,448100,573500,78.1,1.8
Jan 2013-Dec 2013,922,Northern Ireland,M,452300,572600,79,1.8
Jan 2014-Dec 2014,922,Northern Ireland,M,451100,573900,78.6,1.9
Jan 2015-Dec 2015,922,Northern Ireland,M,455800,576200,79.1,1.9
Jan 2016-Dec 2016,922,Northern Ireland,M,462200,577700,80,1.8
Jan 2017-Dec 2017,922,Northern Ireland,M,447500,578900,77.3,1.9
Jan 2018-Dec 2018,922,Northern Ireland,M,444900,577700,77,1.7
Jan 2019-Dec 2019,922,Northern Ireland,M,450400,577600,78,1.5
Jan 2005-Dec 2005,941,England and Wales,M,14198800,17028600,83.4,0.2
Jan 2006-Dec 2006,941,England and Wales,M,14370600,17201600,83.5,0.2
Jan 2007-Dec 2007,941,England and Wales,M,14468700,17377600,83.3,0.2
Jan 2008-Dec 2008,941,England and Wales,M,14594400,17520100,83.3,0.3
Jan 2009-Dec 2009,941,England and Wales,M,14637700,17606500,83.1,0.3
Jan 2010-Dec 2010,941,England and Wales,M,14632500,17727100,82.5,0.3
Jan 2011-Dec 2011,941,England and Wales,M,14705600,17855000,82.4,0.3
Jan 2012-Dec 2012,941,England and Wales,M,14780800,17829400,82.9,0.3
Jan 2013-Dec 2013,941,England and Wales,M,14863400,17853900,83.3,0.3
Jan 2014-Dec 2014,941,England and Wales,M,14856300,17921500,82.9,0.3
Jan 2015-Dec 2015,941,England and Wales,M,15020600,18028100,83.3,0.3
Jan 2016-Dec 2016,941,England and Wales,M,15105200,18129700,83.3,0.3
Jan 2017-Dec 2017,941,England and Wales,M,15220900,18205900,83.6,0.3
Jan 2018-Dec 2018,941,England and Wales,M,15236700,18254600,83.5,0.3
Jan 2019-Dec 2019,941,England and Wales,M,15297600,18304000,83.6,0.3
Jan 2005-Dec 2005,925,Great Britain,M,15537700,18643200,83.3,0.2
Jan 2006-Dec 2006,925,Great Britain,M,15730300,18827200,83.6,0.2
Jan 2007-Dec 2007,925,Great Britain,M,15838700,19017700,83.3,0.2
Jan 2008-Dec 2008,925,Great Britain,M,15969000,19170800,83.3,0.2
Jan 2009-Dec 2009,925,Great Britain,M,16010700,19264000,83.1,0.2
Jan 2010-Dec 2010,925,Great Britain,M,16003600,19392700,82.5,0.2
Jan 2011-Dec 2011,925,Great Britain,M,16084800,19532900,82.3,0.2
Jan 2012-Dec 2012,925,Great Britain,M,16149600,19499500,82.8,0.2
Jan 2013-Dec 2013,925,Great Britain,M,16225400,19522600,83.1,0.2
Jan 2014-Dec 2014,925,Great Britain,M,16225300,19588700,82.8,0.2
Jan 2015-Dec 2015,925,Great Britain,M,16385400,19699600,83.2,0.3
Jan 2016-Dec 2016,925,Great Britain,M,16458600,19797200,83.1,0.3
Jan 2017-Dec 2017,925,Great Britain,M,16580800,19872100,83.4,0.3
Jan 2018-Dec 2018,925,Great Britain,M,16611100,19935600,83.3,0.3
Jan 2019-Dec 2019,925,Great Britain,M,16661200,19984700,83.4,0.3
Jan 2005-Dec 2005,926,United Kingdom,M,15967300,19189300,83.2,0.2
Jan 2006-Dec 2006,926,United Kingdom,M,16162200,19380300,83.4,0.2
Jan 2007-Dec 2007,926,United Kingdom,M,16279000,19577900,83.1,0.2
Jan 2008-Dec 2008,926,United Kingdom,M,16411000,19736400,83.2,0.2
Jan 2009-Dec 2009,926,United Kingdom,M,16447600,19833000,82.9,0.2
Jan 2010-Dec 2010,926,United Kingdom,M,16450500,19964200,82.4,0.2
Jan 2011-Dec 2011,926,United Kingdom,M,16536600,20105700,82.2,0.2
Jan 2012-Dec 2012,926,United Kingdom,M,16597700,20073000,82.7,0.2
Jan 2013-Dec 2013,926,United Kingdom,M,16677700,20095200,83,0.2
Jan 2014-Dec 2014,926,United Kingdom,M,16676400,20162600,82.7,0.2
Jan 2015-Dec 2015,926,United Kingdom,M,16841300,20275800,83.1,0.2
Jan 2016-Dec 2016,926,United Kingdom,M,16920800,20374900,83,0.3
Jan 2017-Dec 2017,926,United Kingdom,M,17028300,20451000,83.3,0.3
Jan 2018-Dec 2018,926,United Kingdom,M,17056000,20513300,83.1,0.3
Jan 2019-Dec 2019,926,United Kingdom,M,17111700,20562300,83.2,0.3
